,id,text,newest_id,oldest_id,result_count,next_token
0,1389480934160969732,@Sador_Numspaq @cityradler @jumpzebra89 @axelfell @tbachner @a_eigel @adfc_nrw @Radkomm @AufbruchFahrrad @utesymanski @stadtdortmund Ja deswegen direkt nach DO auf den Springorum durch Bochum durch um bei Dahlhausen auf den Ruhrradweg zu mir nach Ãœberruhr/Steele und dann auf der Trasse nach RÃ¼ttenscheid.,,,,
1,1389480903131418626,"RKI meldet 7534 Neuinfektionen und 315 Tote â€“ Inzidenz sinkt auf 141,4 https://t.co/AKQ8KbTHMk",,,,
2,1389480899373375492,"RT @Marius_Raabe: @C_A_Mayer Warte seit Donnerstag auf Bumper Sticker:

""Wir haben unsere Grundrechte von unseren Kindern nur geliehen.""â„¢ï¸â€¦",,,,
3,1389480853764460544,"@AlexanderHeppe Hallo, you can read it here: Hier noch mal eine Zusammenstellung zum #CO2Preis und gerechterâ€¦ https://t.co/ApzbzWGJ8i Have a good day. ğŸ¤–",,,,
4,1389480847833763848,"RT @dimetra_ecrit: â€Merkels ZitteranfÃ¤lle sind Folge des Klimawandels.â€œ (A. #Baerbock) 

Also, wenn das keine Bildung ist... 

#ARD",,,,
5,1389480806494654465,@1_airdefender @e_a_1 Was passiert eigentlich mit all diesem â€Spendenâ€œ? Und wohin flieÃŸt dies? Vor allem ab wen genau?,,,,
6,1389480805865512960,Ohne Barrieren On-Premises-Anwendungen in die Cloud migrieren. Was sind die Herausforderungen fÃ¼r Marktwachstum in einem agilen GeschÃ¤ftsbereich? Und wie genau kÃ¶nnen LÃ¶sungen wie @vmwarecloud on AWS aus der Blockade heraushelfen? @Arrow_ECS_DE antwortet: https://t.co/KgF42G1SdY https://t.co/DTMrgTCSxI,,,,
7,1389480787788148737,"@Zartbitter_eV  Buch 6 (2. Aufl.) von #ÃœberDieAnfÃ¤nge (kostet wenig!) schreibt Ã¼ber Psychoanalyse der PÃ¤dophilie/PÃ¤derastie, Reaktivierung prÃ¤pupertÃ¤rer ProtosexualitÃ¤t bei Erwachsenen v.a. MÃ¤nnern usw- zugleich Kritik an der freudschen Psychoanalyse.Danke. #infotweet",,,,
8,1389480767747760129,RT @derspiegel: Auf den Intensivstationen liegen immer mehr JÃ¼ngere mit Covid-19 â€“ darunter auch werdende MÃ¼tter. In anderen LÃ¤ndern wird dâ€¦,,,,
9,1389480762039160834,@Nahuel11037 U looks like a PokÃ©mon ball(ââÌ´Ì›á´—âÌ´Ì›â),,,,
10,1389480741680132096,@walli5 @Yannick_Haan @wolfibey Wer A sagt... ğŸ˜‰,,,,
11,1389480737787760642,"RT @anncathrin87: Der #Staatstrojaner ""soll der Vorlage zufolge zur AufklÃ¤rung schwerer Bedrohungen fÃ¼r den demokratischen Rechtsstaat beitâ€¦",,,,
12,1389480731076870147,RT @derspiegel: Das Â»Eleven Madison ParkÂ« in New York zÃ¤hlt zu den besten Restaurants weltweit. Dessen Schweizer KÃ¼chenchef Daniel Humm wilâ€¦,,,,
13,1389480723048972289,@a_kiemes in der corona app musst du eine tan deines Ergebnisses eingeben,,,,
14,1389480702857695233,RT @a_watch: Randnotiz: Als SachverstÃ¤ndiger ist u.a. der frÃ¼here SPD-Abgeordnete Dieter WiefelspÃ¼tz geladen. WÃ¤hrend seiner Zeit im Bundesâ€¦,,,,
15,1389480697690218497,"Ich kriech aaf alle Viere, hÃ¶fts ma, bittschÃ¶n! Des wird mehr a Kriechrunde heit! ğŸ˜‚ğŸ™ğŸ¤­ https://t.co/eq4oFuQHGL",,,,
16,1389480675401678849,"RT @StadtLandPlus: ğŸ“¢ Unser Mai-#Newsletter ist da ğŸ‘€
News &amp; aktuelle Termine zu #StadtLand

ğŸ’¡ News aus den #StadtLandPlus-Vorhaben u.a.
ğŸ“š Neâ€¦",,,,
17,1389480665834471427,@A_Girl_Insane So jung und schon an der Flasche ğŸ˜ğŸ˜ğŸ˜ğŸ˜,,,,
18,1389480659446546433,@fifapraesident1 @oliverpocher Ach Gott der arme Christoph gell...wieviele Kinderseelen liegen am Boden ? Und diese A...lÃ¶cher interessiert es nicht ğŸ˜¡,,,,
19,1389480654895788034,"Sei dabei, rette Dein Grundeinkommen - Rente !
Mit nur 20 â‚¬ Einmal-Zahlung ein monatliches
Grundeinkommen aufbauen !
Kein --  S P O N S E R N  --  von weiteren Partnern !
FÃ¼r  A L L E  geeignet !
https://t.co/LteOHI6z32 
Manfred Brackmann Dipl.-Ing. Architekt Rentner.",,,,
20,1389480635383832577,#allesdichtmachen-Initiator: Volker Bruch hat Mitgliedsantrag bei Querdenker-Partei gestellt https://t.co/vXFpCg0XPM,,,,
21,1389480622134120452,"@Orang3nSaftLP Ja die Autofahrer werden ja schon gesehen haben wie seit Anfang der Jahres das Benzin viel teurer ist und das bei der ersten Stufe. Elektroautos kÃ¶nnen sich a) nicht jeder leisten b) nicht fÃ¼r jeden geeignet (Beladung, Reichweite etc.) und die Herstellung/Entsorgung der Battarie",,,,
22,1389480621454594049,RT @BennyHeinrich: Die Trainersuche bei der #Eintracht ist in vollem Gange! Die #SGE will sich dabei ihrer Philosophie treu bleiben. Gesuchâ€¦,,,,
23,1389480618069745664,RT @LeibnizWGL: Wie stellt man MolekÃ¼le aus? Wie sammelt man das AnthropozÃ¤n? Und was ist eigentlich ein #Forschungsmuseum? Beim #bookascieâ€¦,,,,
24,1389480614479474688,Super und zur Nachahmung empfohlen. #vegetarian  New Yorker Luxusrestaurant Â»Eleven Madison ParkÂ«: Starkoch Daniel Humm verzichtet kÃ¼nftig auf Fleisch https://t.co/5wUAwOGUnd via @derspiegel,,,,
25,1389480601191911424,"RT @tvmagazinone: Demet Ã–zdemir put a big bomb on social MediağŸ’¥
#DemetÃ–zdemir
 https://t.co/7RiOAq7Msv",,,,
26,1389480572259643392,VerdÃ¤chtiger festgenommen: Serie von Â»NSU 2.0Â«-Drohmails vor der AufklÃ¤rung https://t.co/31jextGaQY via @derspiegel,,,,
27,1389480556786814978,RT @boelwtermine: (1/2) Schneller (#Bio) schlau. Wie #Corona der #Transformation in #Landwirtschaft und #ErnÃ¤hrung einen weiteren #push inâ€¦,,,,
28,1389480551124553732,RT @DieterSteffmann: Rechte Drohbriefe an Politiker und Prominente: MutmaÃŸlicher Verfasser von â€NSU 2.0â€œ-Schreiben festgenommen https://t.câ€¦,,,,
29,1389480544770084864,"@spenglerandreas @PaulGaebler gibt bestimmt gute GrÃ¼nde hierfÃ¼r.
Ã„ndert aber nichts daran dass zu wenig da ist, sodass man zurÃ¼ckhalten muss fÃ¼r 2. Impfungen bzw dass man a.G. von Mangel nicht allen ein Angebot machen kann bzw sehr lange dauert. Mehr impfstoffe fÃ¼r Ã„rzt wÃ¼rde die Lage dramatisch entspannen",,,,
30,1389480541670580224,"Korrektur: der ELO Vortrag wurde auf 14:10 verschoben!  Um 14:50 folgt dann ein Live Q&amp;A mit den Ausstellern. Hier sind wir natÃ¼rlich auch mit dabei!  

#ELODigital",,,,
31,1389480482774167553,"Thomas Carle: https://t.co/Xo5zDd7cMM ""Leitfaden - So nimmst Du eine Telenot Anlage in Betrieb."" -  ""Ich danke Dir."" | Er ist super. Endlich funktioniert unsere Alarmanlage | A. Schuster | https://t.co/ykcCImiU1j https://t.co/Fw0VvaAQFs",,,,
32,1389480474553241601,@cityradler @jumpzebra89 @axelfell @tbachner @a_eigel @adfc_nrw @Radkomm @AufbruchFahrrad @utesymanski @stadtdortmund @Sador_Numspaq Naja meine Route ist halt imho die schÃ¶nste Variante um entlang der Ruhr und dann auf den Trasse um in die Innenstadt zu gelangen.,,,,
33,1389480472384790531,@a_watch In welchem Format tragen Sie es vor? In einem Ausschuss? In einer Fraktionsrunde? Wird das gestreamt irgendwo abrufbar?,,,,
34,1389480452910616579,"@eat_a_brick_h0e man, Sabine du blÃ¶de pick me, schÃ¤mst du dich nicht ğŸ˜¤",,,,
35,1389480450897465345,"RT @joestel_uwe: GRÃœNE Politik hat nichts mit Umwelt- und Naturschutz zu tun. 
Mit Ausstieg aus der Kernenergie wird eine CO2-Reduktion vonâ€¦",,,,
36,1389480449882214401,"RT @DailyUSANews: Crooked Letter, Crooked Letter: A Journey through the Cultural Landscape of Mississippi: Der Vortrag bleibt bis zum Nachtâ€¦",,,,
37,1389480447306985481,"RT @DailyUSANews: Crooked Letter, Crooked Letter: A Journey through the Cultural Landscape of Mississippi: Der Vortrag bleibt bis zum Nachtâ€¦",,,,
38,1389480447038660609,"fÃ¼r alle Krankenkassen auf ihren Nutzen Ã¼berprÃ¼ft festgelegt werden, stehen Satzungsleistungen in der Regel im freien Ermessen der Krankenkassen und kÃ¶nnen im Wettbewerb der Krankenkassen eingesetzt werden. [https://t.co/25uRdKDqrK] (4/11)",,,,
39,1389480446187032579,"RT @DailyUSANews: Crooked Letter, Crooked Letter: A Journey through the Cultural Landscape of Mississippi: Der Vortrag bleibt bis zum Nachtâ€¦",,,,
40,1389480445507690499,"RT @BSGGoettingen: Einst war die Blauracke auch in Deutschland ein regelmÃ¤ÃŸiger Brutvogel, nun muss sie als ausgestorben gelten. UrsÃ¤chlichâ€¦",,,,
41,1389480444807221250,"RT @dimetra_ecrit: â€Merkels ZitteranfÃ¤lle sind Folge des Klimawandels.â€œ (A. #Baerbock) 

Also, wenn das keine Bildung ist... 

#ARD",,,,
42,1389480441850343427,"RT @FWarweg: Ratespiel zum #TagderPressefreiheit: Was machen ğŸ‡©ğŸ‡ªHauptstadtjournalisten #Berlin anlÃ¤sslich #WorldPressFreedomDay? 
a) Soliaktâ€¦",,,,
43,1389480432039862274,RT @SPIEGEL_24: CDU/CSU und SPD einig: Nachrichtendienste sollen Staatstrojaner bekommen https://t.co/Q0PEIuNm90 https://t.co/wkWygrX8KP,,,,
44,1389480426918617089,"@cityradler @Bytchinskaya @jumpzebra89 @axelfell @tbachner @a_eigel @adfc_nrw @Radkomm @AufbruchFahrrad @utesymanski @stadtdortmund Wenn du in Richtung Baldeneysee fÃ¤hrst und am Ruhrradweg her, dann kommst du Ã¼ber die BrÃ¼ckeâ€¦",,,,
45,1389480406781661185,"RT @Ichika_support: 210504 Uehara Ichika Vlog
Ichika appeared in Zhang Teng's vlog in Weibo

Ichika gave a kiss to Zhang Teng! ğŸ˜†ğŸ§¡ğŸ’˜

#Ichikaâ€¦",,,,
46,1389480399206862851,"RT @VQuaschning: Lieber @Markus_Soeder, ich weiÃŸ nicht, ob Ihnen das schon mal jemand gesagt hat: Ohne #Windkraft in #Bayern kÃ¶nnen wir inâ€¦",,,,
47,1389480385021632515,"@ryrksnglynks @kaneelkoffje Davor hab ich ehrlich gesagt jeden Tag unterschwellig am meisten Schiss. Dass irgendeine Mutation entsteht, gegen die nichts mehr hilft. Dann sind wir alle a.A.. Einige setzen durch ihr Verhalten gerade alles aufs Spiel, was wir mÃ¼hsam bisher erreicht haben. ğŸ˜’",,,,
48,1389480381326503938,RT @ptdw21: Die UniversitÃ¤tsgesellschaft Potsdam e.V. ist auch mit an Bord. FÃ¼r den Verein ist Prof. Dr. Henrike MÃ¼ller-Werkmeister bei â€Asâ€¦,,,,
49,1389480362494070786,RT @sereuter: Gibt es bald Geimpften-Partys? Wie ist die Lage vor der Regionalwahl in Madrid? Und wer schafft es ins Finale der champions Lâ€¦,,,,
50,1389480330718027776,RT @EGIRLR0SE: rosÃ© with bangs was such a look https://t.co/33y23JAGc2,,,,
51,1389480330013384707,"RT @AppenKristin: Wer sich fragt, warum der Deutsche vom eigenen Staat + der ganzen Welt zur Kasse gebeten, abgezockt + obendrein verlachtâ€¦",,,,
52,1389480321117208579,"""Children growing up in a home that burns these PM2.5-producing fuels are more likely to have reduced lung function and can develop asthma.""
Es werden nur Verbote helfen: den Kindern, den Eltern, den Nachbarn, der Umwelt und dem Klima.
Holz verbrennen ist asozial.
#OfenAus https://t.co/OgJg7NhCAs",,,,
53,1389480319900913671,@Regenbogenfros2 i han a Scheiblette die du nicht abschlagen kannst ojeoje,,,,
54,1389480291455148032,RT @a_watch: Randnotiz: Als SachverstÃ¤ndiger ist u.a. der frÃ¼here SPD-Abgeordnete Dieter WiefelspÃ¼tz geladen. WÃ¤hrend seiner Zeit im Bundesâ€¦,,,,
55,1389480288913350656,Coronavirus: Mediziner kritisieren LockerungsplÃ¤ne fÃ¼r Geimpfte https://t.co/8mqa5oD28P,,,,
56,1389480287596339203,RT @AlexanderDinger: Gerade kommen Leute aus ihren HÃ¤usern und begutachten die SchÃ¤den. Betroffen u.a ein kleiner Eckgrill. Eine Familie koâ€¦,,,,
57,1389480282215043073,"145 mph
Mercedes C Coupe on a german autobahn ğŸ˜€ https://t.co/efBdxpEuyp",,,,
58,1389480279870517248,@DegeBh @Nessi_2033 @a_nnaschneider Verharmlost du gerade eine weltweite Pandemie?,,,,
59,1389480255501570049,"RT @Einzelfallinfos: #Flensburg: DunkelhÃ¤utiger RÃ¤uber Ã¼berfÃ¤llt mitten am Tag einen Senioren im #Tennisclub, bedroht ihn mit einer abgebroâ€¦",,,,
60,1389480252221575171,"Neues Update fÃ¼r das #OppoFindX3Pro  
hier gibts alle wichtigen Infos was es mitbringt.

https://t.co/1x2K6xxyCr",,,,
61,1389480238082662404,"RT @SterniWatch: Um zu verhindern, dass Menschen sich auf Ã¶ffentlichen PlÃ¤tzen treffen, wird es in #TÃ¼bingen ab morgen an mehreren Orten eiâ€¦",,,,
62,1389480237038280705,"Amazon (de): Stock changed from ""ErhÃ¤ltlich bei diesen Anbietern."" to ""GewÃ¶hnlich versandfertig in 4 bis 5 Tagen."" at 09:21:18.254+02:00 https://t.co/mvziwxe5Mv [A] #amd5000tracking_region_de #Ryzen5000 #AMD",,,,
63,1389480235939287041,"RT @KollektivFfm: Wir haben mit @A_DemosanisFFM Ã¼ber die Demo am #TagderArbeit in Frankfurt gesprochen. ""Es gibt mehrere SchÃ¤delbasisbrÃ¼cheâ€¦",,,,
64,1389480234915819521,RT @EGIRLR0SE: rosÃ© with bangs was such a look https://t.co/33y23JAGc2,,,,
65,1389480231019315202,RT @EGIRLR0SE: rosÃ© with bangs was such a look https://t.co/33y23JAGc2,,,,
66,1389480227039027204,"Es werden fÃ¼r einen Dienstleister Lead Consultants Microsoft 365 (m/w/d) fÃ¼r verschiedene Standorte u.a. MÃ¼nchen in Festanstellung auf jobvention gesucht:
https://t.co/LDjMza2MQ7
https://t.co/4eUmUHUZBp
https://t.co/avzNMZiX1W
#jobvention #jobseeker #jobbÃ¶rse #microsoft #digital",,,,
67,1389480187578966017,https://t.co/cCyzHS59yY Pink schrieb wÃ¤hrend Corona-Erkrankung ihr Testament neu https://t.co/EToMryNhLB Bitte retweeten #Nachrichten #Deutsch,,,,
68,1389480187449024514,Corona und Sport im Verein: Â»Wie ein Kindergeburtstag ohne ZuckerÂ« https://t.co/yhDkqJ9KGV https://t.co/IOpKRPvLzp,,,,
69,1389480184043106308,https://t.co/cCyzHRNyao Autoindustrie: Deutschlands wichtigste Branche Ã¼berwindet Coronatief https://t.co/PgA5E9jVm1 Bitte retweeten #Nachrichten #Deutsch,,,,
70,1389480180297527298,Mark Selby holt vierten Snooker-WM-Titel â€“ vor knapp tausend Zuschauern https://t.co/hG6v3haVHc https://t.co/RivTWelB1c,,,,
71,1389480179936874496,https://t.co/cCyzHRNyao Schausteller fÃ¼rchten den Oktoberfest-Effekt https://t.co/HKdbZgpcJq Bitte retweeten #Nachrichten #Deutsch,,,,
72,1389480174752763906,Bester Preis fÃ¼r HÃ¶flichkeitslicht aus poliertem Messing auf Holzbasis (A.a.a. World-wide Enterprise Ltd.) https://t.co/sFs5JcSWMb https://t.co/bfX5kputMG,,,,
73,1389480150643974144,RT @derspiegel: Auf den Intensivstationen liegen immer mehr JÃ¼ngere mit Covid-19 â€“ darunter auch werdende MÃ¼tter. In anderen LÃ¤ndern wird dâ€¦,,,,
74,1389480145539538944,"@karlnehammer @LPDWien 
Polizeiterror am 1. Mai auch in Frankfurt
â€staatlich legitimierten Gewaltexzessâ€œ, â€SchlÃ¤gertrupps der Polizeiâ€œDemonstration gezielt angegriffen. (FR)

Dort finden Offzielle deutliche Worte, wÃ¤hrend sie in A vom rechten Staat welchen sie meinen plappern!",,,,
75,1389480108818272258,RT @EGIRLR0SE: rosÃ© with bangs was such a look https://t.co/33y23JAGc2,,,,
76,1389480105756463104,"@a_nnaschneider @arnehoffmann Genau. Und die Frage ist, wann es keine BegrÃ¼ndung mehr gibt. In meinen Augen gibt es nur eine sinnvolle, verfassungsrechtlich saubere Antwort: sobald Impfstoff fÃ¼r jeden da ist. #Freiheit #Selbstbestimmung #MenschenwÃ¼rde",,,,
77,1389480098034864129,"@a_schaefermeier @sebastiankurz @philipkucher @volkspartei Es wÃ¤re schÃ¶n, gÃ¤be es in der SPÃ– FÃ¼hrung mehr solche Leute wie @philipkucher Aber vielleicht gelingt es der KÃ¤rntner SPÃ– die Wiener LÃ¶welstraÃŸe neu zu beleben. Dort herrscht leider Agonie",,,,
78,1389480093853102080,sac: a postmodern rpg,,,,
79,1389480084717854720,RT @KeesmanMatthijs: Sinequa-Suchplattform fÃ¼r Microsoft Azure verfÃ¼gbar https://t.co/HGQDLtxG4O via @bigdata_insider #bigdata #datadriven,,,,
80,1389480084503941122,"RT @Karl_Lauterbach: Sehr gut recherchierter Artikel zur Frage, ob Schwangere gegen Covid geimpft werden sollen. In der Summe spricht deutlâ€¦",,,,
81,1389480075238727682,"RT @christophbals: #Amazonas â€ist jetzt ein Netto-Emittent. Wir wissen nicht, ab welchem Punkt diese VerÃ¤nderung irreversibel werden kÃ¶nnteâ€¦",,,,
82,1389480064522276865,"@Annuschkanu Guten Morgen, Frau AğŸ˜˜",,,,
83,1389480059170217989,Gympass is growing! ğŸ’ª  Hiring a New Business Development Analyst (SÃ£o Paulo) https://t.co/HNPwl8oNt5,,,,
84,1389480055479406595,@twilliams2191 @A_dmg04 @CoolGuyGames @Aztecross @falloutplays @realMrAwareness bzw irgend nen filter,,,,
85,1389480018858889219,"#GLOMAN Is A #RichSTAR
RichHoe RichHoe Ima RICHHOE
#RichGLO #RichGLO Ima #RICHGLO https://t.co/nkItqDcVgq",,,,
86,1389480007051927554,"RT @dimetra_ecrit: â€Merkels ZitteranfÃ¤lle sind Folge des Klimawandels.â€œ (A. #Baerbock) 

Also, wenn das keine Bildung ist... 

#ARD",,,,
87,1389480002027237377,"RT @anna_cavazzini: StÃ¤ndig warnen wir davor, dass der Amazonas kippt. Jetzt ist es so weit, zeigen neuste Berechnungen. Manchmal gibt es râ€¦",,,,
88,1389479985111605251,RT @Alex_J_Thiele: #coronaverlosung 312: Heute spendet @a_free_heart sein Buch Ã¼ber eine Wissenschaft fÃ¼r den Wandel (@oekomverlag). Vielenâ€¦,,,,
89,1389479977301721089,"RT @robert_fietzke: Zwei Rentner (66 und 81) vor Gericht, die einen Ladendieb davor bewahren wollten, dass ihm durch das Sicherheitspersonaâ€¦",,,,
90,1389479975917662209,"Wie unglaublich inkompetent oder unverfroren die tÃ¼rkise Ministerriege z.T. ist, kann man u.a. an den Auftritten von Frau Raab ""studieren"". 
Wie kommen wir als Steuerzahler dazu, eine derartige Ansammlung an Inkompetenz zu finanzieren? https://t.co/bWl5j9DJBP",,,,
91,1389479974613172226,"@kattascha ...Und laufen mit A****geweihen Ã¼ber dem Hintern, ""Sandra 12.08.1979"" und anderen Bildchen als lebende Mustertapeten herum ğŸ˜‚",,,,
92,1389479971899551747,"RT @DrSchleppfuss: @_donalphonso "" ""Deutschland wird zahlen"", sagte man in den zwanziger Jahren. Heute zahlt es: Maastricht, das ist der Veâ€¦",,,,
93,1389479963099795456,"RT @derspiegel: 16 Jahre Kanzlerin Angela Merkel â€“ war sie zu lange im Amt? Ja, finden zwei Drittel der Deutschen. 70 Prozent wÃ¼nschen sichâ€¦",,,,
94,1389479933643198465,"@heinmax50 Ich auch - direkt nach der Schule ins Kino.

Und das einzige Panini-Album, das ich je gesammelt habe war Star Wars A New Hope.

Und die HÃ¶rspielkassette hatte ich auch.",,,,
95,1389479920368328707,"ğŸš€ Digital Lab: #Innovation ist mehr als Heureka - Warum dauert es oft Jahre, bis eine Idee zu einem marktreifen Produkt heranreift? ğŸ‘‡ via @CIOredaktion  https://t.co/nPbQkbG8Uy",,,,
96,1389479912973631490,"RT @FrauWoj: #Kolumbien Mein Artikel Ã¼ die #Proteste gg die #Steuerreform. Mehrfach aktualisiert, schon wieder in e Detail veraltet: Ein paâ€¦",,,,
97,1389479908833992705,"FÃ¼r die Verkehrswende gibt es noch viel zu tun, u. a. eine universelle Plattform sowie ein Energiekonzept zu etablieren - damit vom EScooter, Ã¼ber EBikes, Ã–PNV und PKWs alles nahtlos vernetzt und optimal fÃ¼r den User nutzbar wird 
https://t.co/8U74e2hDVs
#IoT #Mobility #connected",,,,
98,1389479896578207745,@twilliams2191 @A_dmg04 @CoolGuyGames @Aztecross @falloutplays @realMrAwareness der macht einfach colour correction bei dem screenshot damit sein hunter heftiger aussieht ich cringe weg forreal ich sterbe gleich,,,,
99,1389479893243674624,RT @EGIRLR0SE: rosÃ© with bangs was such a look https://t.co/33y23JAGc2,,,,
100,,,1389480934160969732,1389479893243674624,100.0,b26v89c19zqg8o3fostuksk7sqrk2rmorgssbj5nzwv3x
101,1389479872033067010,"Unbedingte HÃ¶rempfehlung aus obiger Lage:
PULS Musikanalyse, #Podcast von @puls_br, beschÃ¤ftigt sich in der aktuellen Episode mit ""Mehr als Schalalalala: Musik im FuÃŸballstadion"" und u.a. war Debbie dort beteiligt.
https://t.co/gPUfpR1HmP #FCSP #FangesÃ¤nge",,,,
102,1389479870015672320,"@Sador_Numspaq @Bytchinskaya @jumpzebra89 @axelfell @tbachner @a_eigel @adfc_nrw @Radkomm @AufbruchFahrrad @utesymanski @stadtdortmund Aber wenn ich von Dortmund nach Essen fahre, komme ich doch nicht Ã¼ber die Sador-Numspaq BrÃ¼cke - auÃŸer ich fahre einen Umweg. Oder? ğŸ¤”",,,,
103,1389479866567909378,"RT @dimetra_ecrit: â€Merkels ZitteranfÃ¤lle sind Folge des Klimawandels.â€œ (A. #Baerbock) 

Also, wenn das keine Bildung ist... 

#ARD",,,,
104,1389479859882274817,Heute Tag 2 der #MKK MÃ¼nchner Kapitalmarkt Konferenz der @GBC_Research u.a. mit #BenoHolding #BlueCap #Einhell #Intercard #SHSViveon und vielen anderen.,,,,
105,1389479828911427584,"RT @dimetra_ecrit: â€Merkels ZitteranfÃ¤lle sind Folge des Klimawandels.â€œ (A. #Baerbock) 

Also, wenn das keine Bildung ist... 

#ARD",,,,
106,1389479826604576768,RT @KonstantinKuhle: Auf den letzten Metern dieser Legislaturperiode wollen Union und SPD die Grenze zwischen Nachrichtendiensten und Polizâ€¦,,,,
107,1389479814088830977,"GlÃ¼me - What Is A Feeling
https://t.co/KUNpMZP3AY",,,,
108,1389479808787128322,"RT @DailyUSANews: Crooked Letter, Crooked Letter: A Journey through the Cultural Landscape of Mississippi: Der Vortrag bleibt bis zum Nachtâ€¦",,,,
109,1389479806144745474,RT @Alex_J_Thiele: #coronaverlosung 312: Heute spendet @a_free_heart sein Buch Ã¼ber eine Wissenschaft fÃ¼r den Wandel (@oekomverlag). Vielenâ€¦,,,,
110,1389479795113725959,"RT @germansmartcity: Liebe KollegInnen vom @BSI_Bund, gibt es von eurer Seite schon erste Ergebnisse dazu?

Was meint die #digitaleZivilgesâ€¦",,,,
111,1389479789564776448,"@a_watch @Die_Gruenen @fdp @CDU Gerade KÃ¼hne ist ein Paradebeispiel;
deutscher StaatsangehÃ¶riger mit Wahlrecht in Deutschland, aber
Wohnsitz Schweiz
steuerlicher Firmensitz  Schweiz
So vermeidet er Steuerzahlung an Deutschland genieÃŸt aber alle Rechte als deutscher StaatsbÃ¼rger",,,,
112,1389479788855926786,RT @TheyCallMeDoc1: NASA tells SpaceX to halt lunar lander work pending protest by Bezos https://t.co/PsA06JItIL via @MailOnline,,,,
113,1389479785462644738,"RT @thsch: ğŸªâŒ ""Der ultimative Cookie-Datenschutz-Ratgeber"" https://t.co/L749Dj6dph - 99 % der Cookie-Opt-Ins sind unzulÃ¤ssig. Wie es besserâ€¦",,,,
114,1389479781796823041,"@s_edain @a_nnaschneider So lÃ¤sst sich auch erahnen, was in unsere Gesellschaft schief lÃ¤uft, mit so einer Einstellung. Ich glaube Anna verwechselt liberal sein mit Egoismus. Das ist Gift fÃ¼r die Gesellschaft. Menschen sind sozial.",,,,
115,1389479765590020098,@HerschelWellin2 @a_nnaschneider Wozu denn impfen?,,,,
116,1389479743922139139,RT @EGIRLR0SE: rosÃ© with bangs was such a look https://t.co/33y23JAGc2,,,,
117,1389479742148169733,"RT @AngelaFurmaniak: Ich bin froh fÃ¼r die Betroffenen, u.a. die Kollegin @SedaBasay
Aber so wichtig es den BehÃ¶rden ist zu betonten, dass dâ€¦",,,,
118,1389479728860602373,RT @GKlamt54: Studie Ã¼ber Fahrzeugproduktion: Deutschland verliert als Autostandort an Bedeutung https://t.co/pdEtc4hr6A,,,,
119,1389479720278974464,"Thomas Carle: https://t.co/gwE99sLBhC ""If You WANT: Follow on Instagram for more Inspiration."" -  Glasbrucherkennung Ã¼ber einen Abrissdraht an oder in  der Scheibe."" | Danke: A. Haas | 2046 | Making the world safer. Thomas
#security
#alarmanlage https://t.co/QlWdYZXvXn",,,,
120,1389479718311710722,"Crooked Letter, Crooked Letter: A Journey through the Cultural Landscape of Mississippi: Der Vortrag bleibt bis zum Nachtermin (Montag, 14. Juni) des Englisch-Abiturs fÃ¼r Sie und Euch verfÃ¼gbar. Yasmin Nasrudin und das gesamteâ€¦ https://t.co/yoF0PFNo0P #america #american #usa https://t.co/gD869VvVGE",,,,
121,1389479713614311425,RT @Alex_J_Thiele: #coronaverlosung 312: Heute spendet @a_free_heart sein Buch Ã¼ber eine Wissenschaft fÃ¼r den Wandel (@oekomverlag). Vielenâ€¦,,,,
122,1389479712729309184,"Thomas Carle: https://t.co/Xo5zDd7cMM ""Leitfaden - So nimmst Du eine Telenot Anlage in Betrieb."" -  Es wÃ¤re unsinnig 800.000 Euro zu verlieren, um 25.000 Euro zu sparen."" | Danke: A. Schumacher | 4016 | https://t.co/5EwvI2bnHt
#security
#staysafe https://t.co/nRldJIgjXn",,,,
123,1389479707771539456,RT @Alex_J_Thiele: #coronaverlosung 312: Heute spendet @a_free_heart sein Buch Ã¼ber eine Wissenschaft fÃ¼r den Wandel (@oekomverlag). Vielenâ€¦,,,,
124,1389479704231567360,"RT @najmeh_1370: Alis Ehe Ethik war so,  dass er selbst sagt: Ich schwÃ¶re bei Gott,  ich habe Fatima(s.a.)  nie verÃ¤rgert und sie nicht gezâ€¦",,,,
125,1389479702491017218,"Thomas Carle: https://t.co/gwE99sLBhC ""If You WANT: Follow on Instagram for more Inspiration."" -  Die Brandmelder auf der Alarmanlage wÃ¤hlen Deine hinterlegte Nummer an."" | Danke: A. Winkler | 2068 | I like You. Thomas
#security
#alarmanlage https://t.co/YWJuHyL2Zc",,,,
126,1389479695482302466,"RT @lastminutesnews: Crooked Letter, Crooked Letter: A Journey through the Cultural Landscape of Mississippi: Der Vortrag bleibt bis zum Naâ€¦",,,,
127,1389479695348076545,"RT @lastminutesnews: Crooked Letter, Crooked Letter: A Journey through the Cultural Landscape of Mississippi: Der Vortrag bleibt bis zum Naâ€¦",,,,
128,1389479694894985219,"RT @lastminutesnews: Crooked Letter, Crooked Letter: A Journey through the Cultural Landscape of Mississippi: Der Vortrag bleibt bis zum Naâ€¦",,,,
129,1389479687236329473,"We need a Change - das Motto des #QUOVADIS21! Gitta Rometsch nimmt die Branche in die Pflicht: â€Auf was kommt es wirklich an, wenn es um den â€Changeâ€œ geht? Damit verbunden ist das Hinterfragen unseres Mindsets.â€œ Soziale und Ã¶kologische LÃ¶sungen mÃ¼ssen kombiniert geplant werden. https://t.co/imaxMxryNZ",,,,
130,1389479678851887104,"ARBURG Allrounder 270-350-90 Multronica R 1184Â  D U R O P L A S TÂ  Spritzgiessmaschine

Â Â Â Â Â Â Â Â  ARBURG A 270M - 350 - 90 Baujahr 1992
li.Holmabstand 270mm,SchlieÃŸkraft 35t, mit ... https://t.co/b06OXVlPZg",,,,
131,1389479677081890818,"ARBURG Allrounder 270 C - 300 - 80 Â R 1190Â  D U R O P L A S T Spritzgiessmaschine ARBURGÂ  A 270C - 300 - 80 Baujahr 1993Â  Â  Â  Â  Â  Â  Â li.Holmabstand 270mm,SchlieÃŸkraft 30t, mit ... https://t.co/7zdr3aruzV",,,,
132,1389479669658005505,"RT @dw_learngerman: Serkan lernt _______ Deutsch mit der Deutschen Welle.
a) kÃ¼rzlich
b) seit Kurzem
c) vor Kurzem https://t.co/YhASxM5elL",,,,
133,1389479657460826114,"Mit ihren FeuchtekonstantgerÃ¤ten ""EBC"" wurde die miniClima SchÃ¶nbauer GmbH Ã¼ber die Jahre zu einem weltweit von Museen, Ausstellern, Vitrinenherstellern und industriellen Anwendern geschÃ¤tzten Lieferanten.
#Vitrinen #Klimatechnik #miniClima #Museen #Museum
https://t.co/6iACnVBfa4 https://t.co/J58exd8ZCL",,,,
134,1389479653115633665,"https://t.co/3sYLeD7htA
Jakub87 added a bet 'KSV Holstein Kiel - SV 1916 Sandhausen' with odds and prediction 1.86 for KSV Holstein Kiel, stake - 10/10",,,,
135,1389479643061891075,"#wwe2k19 Diesel has a seizure #PS4share

https://t.co/3nMFotpjLG https://t.co/eI0tVct88d",,,,
136,1389479613953363969,"Der #Staatstrojaner ""soll der Vorlage zufolge zur AufklÃ¤rung schwerer Bedrohungen fÃ¼r den demokratischen Rechtsstaat beitragen"" Dabei unterminiert er alles, wofÃ¼r eine liberale Demokratie, ein Rechtsstaat steht! 
Er ist ein Angriff auf jede:n(!) BÃ¼rger:in! https://t.co/C3Kyq8SNAW",,,,
137,1389479612846067713,RT @GSPSipo: (KS) Kommando SpezialkrÃ¤fte #KSK der #Bundeswehr soll begonnenen Abzug der 1.100 deutschen Soldaten mit u.a. 123 Fahrzeugen &amp;â€¦,,,,
138,1389479607221604358,"Fatima Daas ist im Gegensatz zu Lale GÃ¼l in keiner reaktionÃ¤ren Vereinigung aufgewachsen. Lale GÃ¼ls Eltern haben ihr Kind, wie zahlreiche andere Eltern, ReaktionÃ¤ren anvertraut. Den Preis zahlen die Kinder. Fatima Daas hingegen kann sie selbst sein. (2/3)
https://t.co/blI1h8L49j",,,,
139,1389479588770713602,"RT @derspiegel: Mehrere Waggons stÃ¼rzten in die Tiefe: In Mexiko-Stadt ist eine BrÃ¼cke samt Metro-Zug eingebrochen, unter dem Bauwerk fuhreâ€¦",,,,
140,1389479564540354560,"RT @ekztisok: Der Corona-Putsch in diesem Land wurde mÃ¶glich, weil eine Partei, je eine Person, die 16 Jahre an der Macht ist, in dieser Zeâ€¦",,,,
141,1389479543916965891,"Digitalisierung Deutsche Bank will noch mehr Postbank-Filialen schlieÃŸen 
#DB #Postbank #FilialschlieÃŸungen
https://t.co/N7XnEKQwBJ",,,,
142,1389479530063007749,RT @EGIRLR0SE: rosÃ© with bangs was such a look https://t.co/33y23JAGc2,,,,
143,1389479524212088832,"GrÃ¼nenchefin fÃ¼r Parlamentsreform: Baerbock will Kanzleramtszeit begrenzen https://t.co/DIzd1Hl0Cm via @derspiegel Das wird ja â€radikallinksâ€œ - es gibt ja altgediente Parlamentarier, die noch keine Gelegenheit zu einem Nebenverdienst hatten u â€nurâ€œ ihrem Wahlauftrag nachgingen â€¦",,,,
144,1389479518235156481,RT @kkklawitter: â€Die Fahrradindustrie umfasste 2019 66.000 lokale und krisenfeste ArbeitsplÃ¤tze fÃ¼r vielfÃ¤ltige Qualifikationsniveaus. Hieâ€¦,,,,
145,1389479501546000385,"ğŸ“¢ Unser Mai-#Newsletter ist da ğŸ‘€
News &amp; aktuelle Termine zu #StadtLand

ğŸ’¡ News aus den #StadtLandPlus-Vorhaben u.a.
ğŸ“š Neue Publikationen
ğŸ“… Spannende Events
ğŸ“‘ #CallforPapers @oekomverlag &amp; @Land_MDPI
ğŸ“º @urp2020 nacherleben

â¡ Hier lesen und anmelden
https://t.co/VlYW9Ur2vZ https://t.co/CqAx8ePxNo",,,,
146,1389479492784205826,Chinas Weltraumschrott: 21-Tonnen-Raketenteil stÃ¼rzt zur Erde â€“ Aufprallort unbekannt https://t.co/8UTGFEa9DS via @derspiegel,,,,
147,1389479486836596738,"@HeikeRings1 @PaulZiemiak Die HGM-Kandidatur ist eine Beleidigung fÃ¼r jeden ThÃ¼ringer und jede ThÃ¼ringerin mit gesundem Menschenverstand. Da dient sich die CDU der A*D in einer Form an, die erschreckt und verstÃ¶rt. Einfach nur schlimm ğŸ™„ Die Fortsetzung der Kemmerich-Wahl mit anderen Mitteln ğŸ˜¶",,,,
148,1389479470231433217,"@J_Kohlenberger wieviele sind denn in der diskussion an lÃ¶sungen&amp;ursachen interessiert?
es geht doch nur seine eigenen frames durchzubringen v.a. hier auf twitter.
und sie haben vÃ¶llig recht - man sollte sich dringend die ursachen ansehen.",,,,
149,1389479449452761090,"RT @TradingForPro: USA and a civil war? Whats going on in the US? 

GESPALTEN! BÃœRGERKRIEG UNVERMEIDLICH! https://t.co/v5L8NNBpTg via @YouTâ€¦",,,,
150,1389479448743907328,"RT @Lipitelektroph1: Eine ArmlÃ¤nge OB Reker aus KÃ¶ln heute: Es gibt kein Grundrecht auf einen Restaurantbesuch u.a. 
Frau Reker, es gibt abâ€¦",,,,
151,1389479424463187969,"#coronaverlosung 312: Heute spendet @a_free_heart sein Buch Ã¼ber eine Wissenschaft fÃ¼r den Wandel (@oekomverlag). Vielen Dank! Teilnahme per RETWEET, Verlosung am Abend. Viel GlÃ¼ck! ğŸ™‚ https://t.co/Tc2HtTw9km",,,,
152,1389479422361751556,"@LozSchlepper37L @sueranson @Codders4 True ğŸ™„ Mind you, I've always been more of a CafÃ¨ MÃ¶hring fan.. KurfÃ¼rstendamm corner Uhlandstrasse, opposite the Maison France.. Long gone, too ğŸ™„",,,,
153,1389479422231818241,RT @santapauli1980: Mein Bruder arbeitet im Einzelhandel und wirft jeden Tag 10-15 Maskenverweigerer raus (â€Ich hab Attest! Zeige ich aberâ€¦,,,,
154,1389479417240592384,"RT @thsch: ğŸªâŒ ""Der ultimative Cookie-Datenschutz-Ratgeber"" https://t.co/L749Dj6dph - 99 % der Cookie-Opt-Ins sind unzulÃ¤ssig. Wie es besserâ€¦",,,,
155,1389479388941533184,"RT @joestel_uwe: GRÃœNE Politik hat nichts mit Umwelt- und Naturschutz zu tun. 
Mit Ausstieg aus der Kernenergie wird eine CO2-Reduktion vonâ€¦",,,,
156,1389479386550837249,"@Bosper_Bogner Prinzipiell jedes Gewebe mit den entsprechenden Rezeptoren kann befallen werden. Kann u.a. auch ein Grund fÃ¼r die vielen schweren Impf-NW sein. Man produziert dann ja selber die Spikes. Macht natÃ¼rlich total Sinn, wenn man eigtl ein Immunsystem hat, das eine so groÃŸe Verbreitung",,,,
157,1389479378925637632,"RT @GSPSipo: (ML) Was kommt nach Resolute Support?
https://t.co/rRrwpUoNvv",,,,
158,1389479366460071937,"RT @VoltRlp: ğŸ“£Heute, 19.30 Uhr: Wer profitiert von der #Digitalisierung und wer ist benachteiligt? Brauchen wir spezielle Digitalsteuern unâ€¦",,,,
159,1389479365696700416,"RT @AppenKristin: Wer sich fragt, warum der Deutsche vom eigenen Staat + der ganzen Welt zur Kasse gebeten, abgezockt + obendrein verlachtâ€¦",,,,
160,1389479356490211331,"Mein Lieblingszustand:

Entweder

a) Viel zu tun aber produktiv

oder

b) Nichts zu tun aber dann Urlaub",,,,
161,1389479332263993345,@tutschte SchÃ¶nen guten Morgen. Geht nix Ã¼ber a xundes FrÃ¼hstÃ¼ck,,,,
162,1389479288009789440,"@nerobakl @bunnyshit4u @AnjaFlach Tja, das ist IdentitÃ¤tspolitik: Reale Probleme ansprechen (v.a. Bildungsarmut) ist bÃ¶se, weil dieses Ansprechen diskriminierend sei.. Dabei sind die sozialen Probleme real! Manchmal habe ich das GefÃ¼hl, manche Woken wollen gar nicht, dass sich deren Situation wirklich verbessert.",,,,
163,1389479253033590784,Kindeswohl in der Pandemie - was Eltern tun kÃ¶nnen! Familienrichter a.D. Hans-Christian Prestin https://t.co/tKC1pRaFGF,,,,
164,1389479234003931137,"@Teddy1000Tod @ichbinschoener Andere Serien haben gezeigt, dass Ã„uÃŸerungen der Stars durchaus zu einer Ã„nderung fÃ¼hren kÃ¶nnen. Vor kurzem Mandalorian, vor lÃ¤ngerem Two and a half men. In Game of thrones wurde sogar einfach ein Schauspieler ausgetauscht (Daario Naharis, GrÃ¼nde scheinen unbekannt",,,,
165,1389479220003344384,"RT @KollektivFfm: Wir haben mit @A_DemosanisFFM Ã¼ber die Demo am #TagderArbeit in Frankfurt gesprochen. ""Es gibt mehrere SchÃ¤delbasisbrÃ¼cheâ€¦",,,,
166,1389479218682155008,"RT @CannaCriminal79: Klarer Fall von Ã¼bermÃ¤ÃŸigem Alkohol Langzeitkonsum.

HÃ¤tte mal eher #Cannabis konsumieren sollen, dann wÃ¼rde er nichtâ€¦",,,,
167,1389479216442494977,"@now_COLOUR ?
denkst du a) ohne diesen tweet nur mit der Trennung wÃ¤re nennswert irgendwas negativ beeinflusst worden? Und denkst du b) das wÃ¤re hiermit jetzt abgewendet worden??",,,,
168,1389479193197621248,"@Nessi_2033 @a_nnaschneider Da empfehle ich evidenzbasiert einige Beispiele. Florida, Texas, Mexico, ...",,,,
169,1389479162327490567,"https://t.co/cd3B37NsTb: Stock changed from ""Lieferbar in 27 Tagen, ausschlieÃŸlich Versand"" to ""Auf Lager, ausschlieÃŸlich Versand"" at 09:17:02.034+02:00 https://t.co/GmM3FA7G0v [A] #rtx3000tracking_region_de #RTXon #NVIDIAGeForce",,,,
170,1389479162201661441,"https://t.co/cd3B37NsTb: Stock changed from ""Artikel kann derzeit nicht gekauft werden"" to ""Auf Lager, ausschlieÃŸlich Versand"" at 09:17:02.035+02:00 https://t.co/lMqpINKfWF [A] #rtx3000tracking_region_de #RTXon #NVIDIAGeForce",,,,
171,1389479156057006080,"RT @drguidoknapp: 1949: Albert Einstein verÃ¶ffentlicht seinen Aufsatz ""Why Socialism?"", in dem er u.a. das Ã¼bermÃ¤ÃŸige Konkurrenzdenken im Kâ€¦",,,,
172,1389479150562562049,#Corona - Gerichtsentscheidung in Schleswig-Holstein: Testpflicht fÃ¼r Teilnahme am PrÃ¤senz #unterricht ist rechtmÃ¤ÃŸig https://t.co/xBnsujWsdp via @derspiegel,,,,
173,1389479145143513088,"Wie der Gatte uns beschreibt:

Old woman for a nice guy. https://t.co/aPmxAnXNlr",,,,
174,1389479140873617408,@gwsauras Joanne era was such a serve,,,,
175,1389479134888407042,"RT @anna_cavazzini: StÃ¤ndig warnen wir davor, dass der Amazonas kippt. Jetzt ist es so weit, zeigen neuste Berechnungen. Manchmal gibt es râ€¦",,,,
176,1389479089405415424,RT @GTAI_GUS: GTAI-Special zur polaren #SeidenstraÃŸe: #China ist in der #Arktis v.a. in Forschung und Schifffahrt prÃ¤sent. An groÃŸen Rohstoâ€¦,,,,
177,1389479080790212609,"RT @AngelaFurmaniak: Ich bin froh fÃ¼r die Betroffenen, u.a. die Kollegin @SedaBasay
Aber so wichtig es den BehÃ¶rden ist zu betonten, dass dâ€¦",,,,
178,1389479065409699840,"RT @lastminutesnews: Crooked Letter, Crooked Letter: A Journey through the Cultural Landscape of Mississippi: Der Vortrag bleibt bis zum Naâ€¦",,,,
179,1389479028285972480,"RT @Karl_Lauterbach: Sehr gut recherchierter Artikel zur Frage, ob Schwangere gegen Covid geimpft werden sollen. In der Summe spricht deutlâ€¦",,,,
180,1389478985738989570,"RT @ya_basta_netz: Fotos der Hamburger Vernetzung zur Feier der Abreise der Zapatista.

Fotos desde Hamburg en apoyo a la gira Zapatista.â€¦",,,,
181,1389478981045477378,@hirundin boa ja feel you alle 3 haben mir auch nicht gefallen v.a. itawonclass ... uuurg hab mittendrin aufgehÃ¶rt mit bauchweh.,,,,
182,1389478976146612227,"Trump sagte letztes Jahr in einem Interview: ""It's gonna get a lot colder soon!"" Vielleicht ist der Typ Hellseher oder er weiÃŸ schon lange vom allgemeinen Klimawandelschmu? ğŸ¤·â€â™€ï¸ https://t.co/IF95iIKW4L",,,,
183,1389478956361998338,"RT @DrSchleppfuss: @_donalphonso "" ""Deutschland wird zahlen"", sagte man in den zwanziger Jahren. Heute zahlt es: Maastricht, das ist der Veâ€¦",,,,
184,1389478951094038530,"RT @TSV1860: S-P-I-E-L-T-A-G! Heute geht's fÃ¼r die #LÃ¶wen im Heimspiel vs. @Rote_Teufel. Auf Jungs, setzt Eure Jagd fort! Viel Erfolg! ğŸ€ğŸ’ªğŸ’ªğŸ’ªâ€¦",,,,
185,1389478935960776716,"Crooked Letter, Crooked Letter: A Journey through the Cultural Landscape of Mississippi: Der Vortrag bleibt bis zum Nachtermin (Montag, 14. Juni) des Englisch-Abiturs fÃ¼r Sie und Euch verfÃ¼gbar. Yasmin Nasrudin und das gesamteâ€¦ https://t.co/skeieG3sHB #guestpost #america #usa https://t.co/eQtKrw1LSI",,,,
186,1389478933507280897,"RT @derspiegel: Klappt es mit dem Sommerurlaub? Die Antwort auf diese Frage ist nicht nur fÃ¼r viele BÃ¼rger wichtig, sondern entscheidend fÃ¼â€¦",,,,
187,1389478932513280000,"RT @BSGGoettingen: Einst war die Blauracke auch in Deutschland ein regelmÃ¤ÃŸiger Brutvogel, nun muss sie als ausgestorben gelten. UrsÃ¤chlichâ€¦",,,,
188,1389478927467524096,"RT @henrikehahn: ğŸ“… 5.5.2021 | 19.00-20.30

ğŸ‡ªğŸ‡ºEuropawoche von &amp; mit @henrikehahn, MdEP und @Gruene_Bayern

ğŸ’¶ğŸŒ± â€Corona â€“ Klima â€“ Wirtschaft:â€¦",,,,
189,1389478924879495171,"RT @Ichika_support: 210504 Uehara Ichika Vlog
Ichika appeared in Zhang Teng's vlog in Weibo

Ichika gave a kiss to Zhang Teng! ğŸ˜†ğŸ§¡ğŸ’˜

#Ichikaâ€¦",,,,
190,1389478918147788800,"RT @BMF_Bund: Zahlreiche Gesetzgebungsverfahren fÃ¼r mehr #Steuergerechtigkeit auf dem Weg, sagt @OlafScholz, u.a. gegen aggressive #Steuergâ€¦",,,,
191,1389478918122524675,"@Strahlemann9 @googlenews Der hat doch auch gesagt, gerade, auch aufgrund unserer Vergangenheit, wird es keinen direkten oder indirekten Impfzwang geben. Er lÃ¼gt wie gedruckt und ist ein widerliches Aâ€¦â€¦..",,,,
192,1389478882022100998,RT @EGIRLR0SE: rosÃ© with bangs was such a look https://t.co/33y23JAGc2,,,,
193,1389478862879350789,"Pentagon sieht Truppenabzug trotz neuer Gefechte nicht bedroht
Mission accomplished?
https://t.co/4xk22pe2T2",,,,
194,1389478856487325698,Rechte Drohbriefe an Politiker und Prominente: MutmaÃŸlicher Verfasser von â€NSU 2.0â€œ-Schreiben festgenommen https://t.co/d2Be9ibw4a,,,,
195,1389478848648073217,@xalin__a Chill du hÃ¼bsch Freundschaftlich gemeint ğŸ’—,,,,
196,1389478844596310019,ZIV HAS A SPACE,,,,
197,1389478822882459649,"@C_A_Mayer Verschenkt. ""Erst wenn der letzte Baum in der Flut ertrunken ist, werdet ihr feststellen, dass Grundrechte nicht schwimmen kÃ¶nnen.""â„¢ï¸",,,,
198,1389478778418737153,RT @niklas_franzen: Gute Nachrichten aus Brasilien: Die Corona-Todeszahlen sinken in den meisten Bundesstaaten. Das Impfen lÃ¤uft zwar schleâ€¦,,,,
199,1389478765277941760,RT @wischmeyertheol: Der Angriff auf den Synodalen Weg und auf Maria 2.0: Ã¼bergriffige und antiÃ¶kumenische Entgleisungen. Mit der Diffamierâ€¦,,,,
200,1389478763545645056,"@axelhercher @Tramvia @gruene_mh Ich bin mir nicht sicher, ob das auch fÃ¼r eine Schifffahrt im Ã–PNV gilt. So etwas gibt es Ã¼brigens auch in Berlin (u.a. Wannsee), die Schiffe sind in den Ã–PNV-Tarif integriert. Die Ã–PNV-Anbindung von Kettwig ist ja Ã¤uÃŸerst mager (nur Bus 151). (1) ....",,,,
201,,,1389479872033067010,1389478763545645056,100.0,b26v89c19zqg8o3fostuksk7r7xdh2yut8qgs1j8xdwfx
202,1389478756990038018,"@A_Girl_Insane So muss das sein, die kleinen sind ja im Wachstum ğŸ¤—ğŸ",,,,
203,1389478754309840896,"MÃ¼nster weiter besser 
Infektions- und Inzidenzzahlen
https://t.co/hVQZSbB6pn
#mÃ¼nster #inzidenzen",,,,
204,1389478750736236548,"@DCHOUSEMD Will und dann eine andere Person anstecke ist es dann nicht Todschlag weil ich mich geweigert habe?
Oder anders Leuft man dann nicht mit einer geladene Waffe blind duch die gegend und Spielt mit dem Leben andererRusischRollet? Sterben n m a Corona a a de NebenWirkungenderImpfung?",,,,
205,1389478749654208516,"RT @micha_bloss: 62% der Kopenhagener fahren mittlerweile mit dem Fahrrad zur Arbeit oder Schule.

2012 waren es erst 36%.

Alle mal Kopenhâ€¦",,,,
206,1389478749159272450,FragwÃ¼rdige GeschÃ¤fte in der Pandemie: VergabeanwÃ¤lte kritisieren Laschets NRW-Regierung..Union der LÃ¼gner CDU CSU gehÃ¶rt von der Macht entfernt..dringend https://t.co/IDW6ZEFHmc,,,,
207,1389478726329569280,RT @niklas_franzen: Gute Nachrichten aus Brasilien: Die Corona-Todeszahlen sinken in den meisten Bundesstaaten. Das Impfen lÃ¤uft zwar schleâ€¦,,,,
208,1389478721959174147,RT @JWI_Berlin: Am Wochenende war unser Direktor Martin Krzywdzinski zu Gast bei @dlfkultur und diskutierte mit @BettiKohlrausch | @WSIInstâ€¦,,,,
209,1389478713125965828,RT @weitwanderweg: Der #Braunsberg und die Hainburger Pforte in den Kleinen Karpaten bei #Hainburg an der Donau - mit #WanderfÃ¼hrer Ã–sterreâ€¦,,,,
210,1389478706851323906,#nowplaying #MichaelSchulte ~ Michael Schulte | For A Second ||| BB RADIO - In #Prenzlau #Brandenburg #GER auf 102.1,,,,
211,1389478686911565829,"@morgenpost Ja ja, die zugezogen Anwohner, die mit ihren Klagen u.a. die Ã¤lteste Kita und unzÃ¤hlige Clubs wegen LÃ¤rm haben schlieÃŸen lassen. Berlin ist groÃŸ u laut. Das ist Berlin. Dann geht doch einfach nach Hause.",,,,
212,1389478685556805633,"Die Firma MTA mit Stammsitz im norditalienischen Codogno setzt v. a. holmlose SpritzgieÃŸmaschinen von Engel ein. Im FrÃ¼hjahr 2021 wurde nun die 100. Maschine ausgeliefert.#EngelAustria #ES #Fahrzeugindustrie #Holmlostechnik #SpritzgieÃŸmaschine

https://t.co/nEswWETqjo https://t.co/vvCr4yXfoA",,,,
213,1389478674580258817,"RT @jrotermund: Es wÃ¤re schÃ¶n, wenn es zu den #PIRATEN hieÃŸe: 
""I wanna be a part of it."" ğŸ˜Š https://t.co/wPonSe5UtU",,,,
214,1389478672613117958,RT @EUKommWien: Heute um 16.00 ğŸ•“: Das Europa-Forum Wachau rÃ¼ckt anlÃ¤sslich des bevorstehenden Europatages erfolgreiche ğŸ‡ªğŸ‡º-Initiativen in Niâ€¦,,,,
215,1389478661997350912,"#Panikmache a la @Karl_Lauterbach?
""Nachts ist's dunkler als drauÃŸen""?
#Bundesnotluege https://t.co/CC57lJdXhA",,,,
216,1389478656196677633,"RT @onward_always: ""Das Risiko des Coronavirus wird derzeit in einer Weise ermittelt, als wÃ¼rde man die Unfallstatistik im StraÃŸenverkehr aâ€¦",,,,
217,1389478651050213377,"@politicalbeauty Volker Bruch muss ja fÃ¼r euch ein ganz schlechter Mensch sein. SchlieÃŸlich beteiligte er sich u.a. an der Aktion â€Los fÃ¼r Lesbosâ€œ, bei der sich Prominente unter dem Hashtag â€leavenoonebehindâ€œ fÃ¼r Migranten einsetzen.

https://t.co/Bxmn3GUnsJ",,,,
218,1389478650668589061,Der @DKF_Congress ist die zentrale Veranstaltung zum Aufbau und zur Nutzung von GeschÃ¤ftskontakten in der D-A-CH Region. Aufgrund der anhaltenden Unsicherheit in der aktuellen Pandemie findet der DKF heute als Online Event statt: https://t.co/9DfUxVjGE8,,,,
219,1389478650588712962,"Klappt es mit dem Sommerurlaub? Die Antwort auf diese Frage ist nicht nur fÃ¼r viele BÃ¼rger wichtig, sondern entscheidend fÃ¼r das Schicksal der Reisebranche. FÃ¼r viele Unternehmen ist es die letzte Hoffnung. (S+)
https://t.co/qOXjLP9Jsz",,,,
220,1389478650546823169,"Nicht verpassen! Mittwoch, 5. Mai 2021 â€“ 9:15-10:00 Uhr 
Forum-Vortrag zur SENSOR+TEST: Expertenrunde: #IIoT mit Q&amp;A
Experten: Patrick Franke â€“ @NXTGN_ und Stefan Gottwald â€“ @ClusterSensorik 

Jetzt kostenlos anmelden: https://t.co/NjkV4SclAR

#sensortest https://t.co/nSPtFUrAZz",,,,
221,1389478647153758210,"""Soll der Sinn der vorgeschlagenen Regelung nicht in der Verhinderung von Strafverfolgung im
Allgemeinen und KorruptionsbekÃ¤mpfung im Besonderen liegen, wird sich eine Ãœberarbeitung
nicht vermeiden lassen."" a.k.a. autsch https://t.co/NrnOoizdHI",,,,
222,1389478645782155265,RT @EGIRLR0SE: rosÃ© with bangs was such a look https://t.co/33y23JAGc2,,,,
223,1389478637750075395,RT @nukLEARwaffe: knaller lied von meinem kumpel @babawag3n hÃ¶rt ihn euch an wenn ihr 10x anhÃ¶rt schreib ich euch eine sms mit einem hasenâ€¦,,,,
224,1389478613322448899,"RT @Ichika_support: 210504 Uehara Ichika Vlog
Ichika appeared in Zhang Teng's vlog in Weibo

Ichika gave a kiss to Zhang Teng! ğŸ˜†ğŸ§¡ğŸ’˜

#Ichikaâ€¦",,,,
225,1389478610701111299,RT @DieterSteffmann: U-Bahn-UnglÃ¼ck in Mexiko-Stadt: Mindestens 15 Tote https://t.co/WxtQpIyjVe,,,,
226,1389478594854916096,"RT @AfD_Supporter: AFFEN vs. MENSCHEN
________________________

ğŸ¤£ğŸ¤£ğŸ¤£

https://t.co/CfPpWeCzot",,,,
227,1389478588769083392,"RT @thsch: ğŸªâŒ ""Der ultimative Cookie-Datenschutz-Ratgeber"" https://t.co/L749Dj6dph - 99 % der Cookie-Opt-Ins sind unzulÃ¤ssig. Wie es besserâ€¦",,,,
228,1389478587603079168,RT @rubenmcloop: Hier zum Artikel: https://t.co/9xbfSBYtxe,,,,
229,1389478582121025536,"RT @Johann_v_d_Bron: Ein sehr fragwÃ¼rdiger ""moralischer Kompass"" zieht sich durch die Karriere des #ArminLaschet, komischer Buchdeal, versuâ€¦",,,,
230,1389478567927435266,"RT @ErnstvAll: FragwÃ¼rdige GeschÃ¤fte in der Pandemie

In einem offenen Brief kritisieren Vergabe-Experten VerstÃ¶ÃŸe der Politik gegen EU-Recâ€¦",,,,
231,1389478552471576578,RT @80SW1LBUR: @ImAllexx imallexx is a georgenotfound defender,,,,
232,1389478517444911104,"RT @dimetra_ecrit: â€Merkels ZitteranfÃ¤lle sind Folge des Klimawandels.â€œ (A. #Baerbock) 

Also, wenn das keine Bildung ist... 

#ARD",,,,
233,1389478515469209606,"RT @doiknowhyuck: #doiknowhyuck_onhand 
wts lfb nct ph

âŠ¹ yearbook collect book w portrait book - 550
âŠ¹ tfr kihno w pc sets: haechan, yutaâ€¦",,,,
234,1389478514571857928,"@a_nnaschneider Die Diskussion und jede individuelle Meinung zu dem Thema sind schÃ¶n und gut. Aus rechtlicher Perspektive ist aber unstreitig, dass die Grundrechte ""der Privilegierten"" nicht weiterhin aus reiner SolidaritÃ¤t eingeschrÃ¤nkt werden kÃ¶nnen.",,,,
235,1389478487661088771,"https://t.co/cd3B37NsTb: Stock changed from ""Auf Lager, ausschlieÃŸlich Versand"" to ""Lieferbar in 27 Tagen, ausschlieÃŸlich Versand"" at 09:14:21.161+02:00 https://t.co/GmM3FA7G0v [A] #rtx3000tracking_region_de #rtx3000tracking_oos #RTXon #NVIDIAGeForce",,,,
236,1389478479943634945,NSU 2.0 - Drohmails: Festnahme in Berlin | Aktuell Deutschland | DW | 04.05.2021 https://t.co/ovoLJWMeiD,,,,
237,1389478479322824707,"RT @anna_cavazzini: StÃ¤ndig warnen wir davor, dass der Amazonas kippt. Jetzt ist es so weit, zeigen neuste Berechnungen. Manchmal gibt es râ€¦",,,,
238,1389478468870680579,"Thomas Carle: https://t.co/gwE99sLBhC ""If You WANT: Follow on Instagram for more Inspiration."" -  GlÃ¼cklicherweise konnte man ihnen eine Hilfsunterkunft vermitteln. "" | Danke: R. MÃ¼ller | 2077 | For a secure World. Thomas
#security
#alarmanlage https://t.co/KzZDhGOxl8",,,,
239,1389478463980163073,"knaller lied von meinem kumpel @babawag3n hÃ¶rt ihn euch an wenn ihr 10x anhÃ¶rt schreib ich euch eine sms mit einem hasen photo 
HÃ¶r dir Bras feat. Adam Bra von chuk4 an auf #SoundCloud
https://t.co/u0MU6FDK7O",,,,
240,1389478423588859907,"RT @yizhou1st: Someone made a WLBZ4 tiktok video ğŸ¥º

https://t.co/ssCV9jhTMy https://t.co/TjkcszhFPz",,,,
241,1389478420417966081,Christine BortenlÃ¤nger: MultiaufsichtsrÃ¤tin trainiert fÃ¼r den Halbmarathon https://t.co/JiuJmfcbog,,,,
242,1389478379850719234,Der Great Trail in Kanada: Wildnis fÃ¼r alle! https://t.co/fHWOdlaeUX,,,,
243,1389478351090356226,RT @EUKommWien: Heute um 16.00 ğŸ•“: Das Europa-Forum Wachau rÃ¼ckt anlÃ¤sslich des bevorstehenden Europatages erfolgreiche ğŸ‡ªğŸ‡º-Initiativen in Niâ€¦,,,,
244,1389478346640166913,"RT @Ichika_support: 210504 Uehara Ichika Vlog
Ichika appeared in Zhang Teng's vlog in Weibo

Ichika gave a kiss to Zhang Teng! ğŸ˜†ğŸ§¡ğŸ’˜

#Ichikaâ€¦",,,,
245,1389478338968920064,"RT @journ_online: Braucht es neue Unternehmer*innen im Lokaljournalismus, Frau Csuraji? Unsere Mai-Ausgabe ist da. U. a. mit @FrauCsu. httpâ€¦",,,,
246,1389478336313843712,"Wenn man einen Corona Schnelltest Ã¶ffnet, befinden sich einfach zwei Doppel A Batterien drin.",,,,
247,1389478322602713088,@Lufiares genau so ist es! ;A;,,,,
248,1389478307163410438,RT @EUKommWien: Heute um 16.00 ğŸ•“: Das Europa-Forum Wachau rÃ¼ckt anlÃ¤sslich des bevorstehenden Europatages erfolgreiche ğŸ‡ªğŸ‡º-Initiativen in Niâ€¦,,,,
249,1389478294416941057,"RT @anna_cavazzini: StÃ¤ndig warnen wir davor, dass der Amazonas kippt. Jetzt ist es so weit, zeigen neuste Berechnungen. Manchmal gibt es râ€¦",,,,
250,1389478291392765957,RT @JPFBASE: Male weeabs in a nutshell *jpf  https://t.co/fXRVz97m5s,,,,
251,1389478286863085568,"RT @Tino_Chrupalla: Vetternwirtschaft Ã  la #Merkel: WÃ¤hrend Kleinunternehmer im Lockdown um ihre Existenz kÃ¤mpfen, versorgt die #BuReg schnâ€¦",,,,
252,1389478261588209666,"RT @DrSchleppfuss: @_donalphonso "" ""Deutschland wird zahlen"", sagte man in den zwanziger Jahren. Heute zahlt es: Maastricht, das ist der Veâ€¦",,,,
253,1389478255212781568,"RT @lawyerberlin: Wenn auch nur ein Bruchteil dieser ekelhaften, linken Gewalt von der #Querdenker-Bewegung ausging, wÃ¼rde sich das gesamteâ€¦",,,,
254,1389478242604683264,"RT @KollektivFfm: Wir haben mit @A_DemosanisFFM Ã¼ber die Demo am #TagderArbeit in Frankfurt gesprochen. ""Es gibt mehrere SchÃ¤delbasisbrÃ¼cheâ€¦",,,,
255,1389478234002272257,"RT @gartendeko: Der #Naturpark #Karwendel - Naturpark des Jahres 2020 #Austria - mit prÃ¤chtiger #Flora, aktuellen #Karten und #WanderfÃ¼hrerâ€¦",,,,
256,1389478232295104513,"RT @R_OT: Leider nicht online: Spitzen von @cducsubt entdecken den #Klimaschutz, wÃ¤hrend ihre Nebenberufs-Abgeordneten unter Druck zaghaftâ€¦",,,,
257,1389478180046639105,RT @H_B_g_R_Info: Gestern vor 76 Jahren wurde Esther Bejerano befreit. Am Samstag den 8. Mai 2021 feiern u.a. wir mit einem antifaschistiscâ€¦,,,,
258,1389478144374149121,"RT @holgerschindler: HÃ¶rt auf die #Wissenschaft! ""Spiegel""-Beitrag vom 29. MÃ¤rz: ""#Experten"", namentlich Kai #Nagel von der TU Berlin, warnâ€¦",,,,
259,1389478142277046272,"@cgbier Der war gut!ğŸ˜‚ğŸ‘ğŸ‘ğŸ˜‚

LÃ¤uft ja nicht nur bei Agrarfabriken so. Sondern in der gesamten Wirtschaft. Sie Kohle- und AKW-Betreiber, siehe KaufprÃ¤mien fÃ¼r E-Autos etc. pp.

Und ein weiteres Beispiel von vielen.ğŸ‘‡

https://t.co/iIwl48xRQ3",,,,
260,1389478134165217283,"Gute Nachrichten aus Brasilien: Die Corona-Todeszahlen sinken in den meisten Bundesstaaten. Das Impfen lÃ¤uft zwar schleppend, aber mittlerweile sind immerhin 15 Prozent der BevÃ¶lkerung erstgeimpft. 
https://t.co/ch8xLvx5RB",,,,
261,1389478130012860416,@Bytchinskaya @cityradler @jumpzebra89 @axelfell @tbachner @a_eigel @adfc_nrw @Radkomm @AufbruchFahrrad @utesymanski @stadtdortmund ğŸ‘‡ğŸ‘‡ğŸ‘‡Sador â€“ Numspaq BrÃ¼ckeâ€¦ https://t.co/oh01NSLZaS,,,,
262,1389478117845176322,@a_watch @fdp KÃ¶nnen solche Spender ihre groÃŸen Spenden eigentlich steuerlich in Anrechnung bringen? ğŸ¤”,,,,
263,1389478111780216832,"RT @bredlmike: Heute kam was wundervolles von  @TheLizaGrimm an. :D

Danke @JoachimHesse, dass ich durch dich auf Liza (aka Kleines Schweinâ€¦",,,,
264,1389478102598787072,"RT @yizhou1st: Someone made a WLBZ4 tiktok video ğŸ¥º

https://t.co/ssCV9jhTMy https://t.co/TjkcszhFPz",,,,
265,1389478089932017665,"@I_svava_I @Anwalt_Jun @Karl_Lauterbach ... darauf, dass kein land die inzidenzen ohne a.g.s. runterbekommen hat. ich und viele andere haben JEDESMAL geantwortet, dass angesichts mutation aber auch kein land es ohne schulschlieÃŸung es geschafft hat.",,,,
266,1389478089588097027,"@FakeSchuster @PAM_a_C @daniel_bouhs @reitschuster Weil man dann nicht so schÃ¶n schneiden und framen kann?
FÃ¼r wie blÃ¶d haltet ihr eure Zuschauer ?
Geht lieber nach Russland und China . Da seid ihr mit eurer Forderung im richtigen Land.",,,,
267,1389478053173211136,"@JosefLa31994923 @liane_maurer Oha!
Das ist aber schon a bisserl extrem ğŸ˜³",,,,
268,1389478045732507650,"Hier Ã¼brigens die geniale Idee, wie die #EisbÃ¤ren immer noch die #Grizzlys im #DEL-Finale schlagen kÃ¶nnen: v.a. mit einem besseren Powerplay. Wolfsburg in den Playoffs bisher mit einem Tor nach etwa zweieinhalb vollen Powerplays. Berlin braucht fÃ¼r ein Tor Ã¼ber neun davon. ğŸ˜¯ https://t.co/lhR3tmEtq3",,,,
269,1389478033980022786,"RT @BerlinPkow: ğŸ‰Neuer 823 mÂ²-Spielplatz in der SchulzestraÃŸe 33-34 in #Pankow erÃ¶ffnet!
Hier gibt es u.a.:
ğŸ‘‰zwei Spielbagger
ğŸ‘‰ein Sandspieâ€¦",,,,
270,1389478028103675907,K A N G E N https://t.co/3sz8d6eJiO,,,,
271,1389478026673590274,"@Stefans_Tweety @volkspartei Auf der Bank a Kaffeefleck und i kaun net zum Lochn aufherrrrnnn, HEAST DUğŸ¤£ğŸ¤£ğŸ¤£ğŸ¤£ğŸ¤£",,,,
272,1389478004615753730,"https://t.co/G608Up5Bh1
Markus25 added a bet 'KSV Holstein Kiel - SV 1916 Sandhausen' with odds and prediction 1.87 for KSV Holstein Kiel, stake - 10/10",,,,
273,1389477960185438209,"ğŸ“… 5.5.2021 | 19.00-20.30

ğŸ‡ªğŸ‡ºEuropawoche von &amp; mit @henrikehahn, MdEP und @Gruene_Bayern

ğŸ’¶ğŸŒ± â€Corona â€“ Klima â€“ Wirtschaft: Von der Krise zur Chanceâ€œ mit @FuestClemens @ekindeligoez @TimPargent @hschiller

ğŸ‘‰ Zur Anmeldung: https://t.co/AeRRMnjcLk

#ClimateAction #GreenDeal https://t.co/ScHPw4Bc72",,,,
274,1389477949779365888,@gerechtGericht @SoWhy Oder anders: Verfahrensrecht is a bitch? ğŸ˜…,,,,
275,1389477934981910529,Biontech-Investoren: Helmut Jeggle verlÃ¤sst die Athos Service GmbH der StrÃ¼ngmanns https://t.co/nN6qf56GmU,,,,
276,1389477927474143233,RT @a_watch: Randnotiz: Als SachverstÃ¤ndiger ist u.a. der frÃ¼here SPD-Abgeordnete Dieter WiefelspÃ¼tz geladen. WÃ¤hrend seiner Zeit im Bundesâ€¦,,,,
277,1389477925418831877,"RT @booksamade: #Fluss #Drau entspringt in #SÃ¼dtirol und flieÃŸt in weiterer Folge durch #Osttirol, #Lienz, #KÃ¤rnten, #Slowenien, #Kroatienâ€¦",,,,
278,1389477925074919425,"RT @thsch: ğŸªâŒ ""Der ultimative Cookie-Datenschutz-Ratgeber"" https://t.co/L749Dj6dph - 99 % der Cookie-Opt-Ins sind unzulÃ¤ssig. Wie es besserâ€¦",,,,
279,1389477904975859712,"Amazon (de): Stock changed from ""Auf Lager."" to ""Lieferbar ab dem 28. Mai 2021."" at 09:12:02.267+02:00 https://t.co/rByk5oUWbI [A] #amd5000tracking_region_de #amd5000tracking_oos #Ryzen5000 #AMD",,,,
280,1389477885761699840,"ScheiÃŸ auf Star Wars. Der #Glubb hat heid Geboddsdooch. Happy Birthday @1_fc_nuernberg
Auf a neues Jahr voller Dramatik, Hoffen und bangen UND Hingabe zu diesem wundervollen Verein â¤ğŸ–¤ ğŸ¥³ğŸ¥³ğŸ¾
#FCN",,,,
281,1389477861136998402,@crazyfrogmoldo1 bin gegen a und b geimpft...und laut schneller recherche muss das auch nicht aufgefrischt werden,,,,
282,1389477853276819456,RT @EGIRLR0SE: rosÃ© with bangs was such a look https://t.co/33y23JAGc2,,,,
283,1389477842363289609,"Klarer Fall von Ã¼bermÃ¤ÃŸigem Alkohol Langzeitkonsum.

HÃ¤tte mal eher #Cannabis konsumieren sollen, dann wÃ¼rde er nicht so wirren Unfug von sich geben.

#LegalizeIt

SPD-Kanzlerkandidat: Scholz hÃ¤lt Wahlergebnis Â»in den oberen 20 ProzentÂ« fÃ¼r mÃ¶glich https://t.co/jMO6fDuOWF",,,,
284,1389477812793401346,Two and a Halfmen Uprising,,,,
285,1389477805822513154,"Dich interessiert #CitizenScience auch Ã¼ber #ExpeditionErdreich hinaus? Am 11. Mai kannst du beim Q&amp;A der BMBF-Kampagne #innovationsland Deutschland Prof. Johannes Vogel, Ph.D., Generaldirektor des Naturkundemuseums Berlin, deine Fragen zum Thema stellen! #DasistBioÃ¶konomie",,,,
286,1389477757885853696,@stephanie_rohde @A_Tabatabai @posch_walter @DerIranpodcast Das Interview wirkt zu kleinteilig &amp; teilweise auch relativierend. Es wird den Problemen &amp; der Diskriminierung etwa der turksprachigen Menschen im Iran nicht gerecht. Die Wirklichkeit sieht leider so ausğŸ‘‡https://t.co/IqErR2BAFy,,,,
287,1389477749169983489,"@klangignoranz @DichJasmin Schwachsinn. Diese Art der KriminalitÃ¤t ist wegen a) des fehlenden Kontrolldrucks, b) der mangelnden Anzeigebereitschaft und c) der Kriminalisierung allgemein nur rein statistisch geschrumpft. Haben sie Belege fÃ¼r den Wandel in der Gesellschaft?
Freier sind keine TÃ¤ter. Sie",,,,
288,1389477710536269825,"RT @dimetra_ecrit: â€Merkels ZitteranfÃ¤lle sind Folge des Klimawandels.â€œ (A. #Baerbock) 

Also, wenn das keine Bildung ist... 

#ARD",,,,
289,1389477694161756160,@hardsitoo ehg a dormir,,,,
290,1389477680131846145,"RT @tomdabassman: Nachrichtendienste sollen Staatstrojaner bekommen

'...der innenpolitische Sprecher der Unionsfraktion Middelberg (CDU):â€¦",,,,
291,1389477673563471873,RT @derspiegel: Das Filialnetz der Postbank soll nach Willen ihrer Konzernmutter schneller ausgedÃ¼nnt werden. Hauptgrund ist ein massiver Sâ€¦,,,,
292,1389477662700232706,"@maxotte_says gelle Maxe, das tut schon weh, dass du deinem geliebten Donald Tramp (mit A) nicht mehr in den Aâ€¦..kriechen kannst?",,,,
293,1389477661156720640,"@I_svava_I @Anwalt_Jun @Karl_Lauterbach er hat seit ca. 2 monaten alle 2 tage studien rausgehauen, die darauf hinweisen, dass #B117 a) fÃ¼r kinder besonders schÃ¤dlich ist und b) wie ein lauffeuer durch familien geht. gleichzeitig forderte er immer nur abendliche ausgangssperre, wies auf die effektivitÃ¤t hin und ...",,,,
294,1389477656782151680,"RT @geschichte_sam: Heute startet die Vortragsreihe zum Deutsch-FranzÃ¶sischen Krieg in interdisziplinÃ¤rer Perspektive @UniBonn, u. a. mit @â€¦",,,,
295,1389477655444131843,"@Johann_v_d_Bron @sixtus Paul hat schon nasse HÃ¤nde, AlbtrÃ¤ume..... and  every 
Night visiti ihm a Nightmare.....ğŸ˜‚ğŸ˜‚ğŸ˜‚ğŸ¤¡",,,,
296,1389477637484056579,@metal_isseloh N a t Ã¼ r l i c h ğŸ¤œğŸ¤›ğŸ½,,,,
297,1389477634741088258,"RT @Aeskulappirat: Eigentlich logisch: Die #Chips werden fÃ¼r die #Impfstoffe benÃ¶tigt. ^^

Â»Die Lage auf dem globalen #Halbleiter-Markt bleâ€¦",,,,
298,1389477621952614400,"@alltagsprolet @bo_germaine Getestet wird aber v. A. Dort, wo hohe zahlen. In wn zb bei ausreisetests. Somit geht das Argument ins leere",,,,
299,1389477613803036674,"RT @Lipitelektroph1: Eine ArmlÃ¤nge OB Reker aus KÃ¶ln heute: Es gibt kein Grundrecht auf einen Restaurantbesuch u.a. 
Frau Reker, es gibt abâ€¦",,,,
300,1389477611072524288,RT @mfpecanha1: @carlosjordy E a ODEBREST HEIM RANDOLFE ????,,,,
301,1389477586313650182,epauliere: a postmodern rpg,,,,
302,,,1389478756990038018,1389477586313650182,100.0,b26v89c19zqg8o3fostuksk7povnrbl07uvgmq56u55rx
303,1389477537592532993,Aktuelle Unternehmen-News und News zu meinen #wikifolio findet ihr u.a. auf meiner Homepage  https://t.co/fT52KfWrg8  viel SpaÃŸ beim schmÃ¶kern  :)  #socialtrading #TRADINGTIPS #Trading  genauso die wichtigsten Termine dieser BÃ¶rsenwoche #Aktien,,,,
304,1389477536082563084,"@mircom @LI_Travel ""ARTICLES FUNERAIRES--VORERST --DANKE --noch K E I N --B E D A R F !",,,,
305,1389477525353648128,"Debatte Ã¼ber Grundrechte AmtsÃ¤rzte kritisieren RegierungsplÃ¤ne zu Lockerungen fÃ¼r Geimpfte 
#Deutschland #Lockerungen #Grundrechte
https://t.co/1TZdyovYsM",,,,
306,1389477510912557061,"@FREIEWAEHLER_BV ? Lieber die Ausbildung #neudenken. 

a) digitalisieren
b) fÃ¼r EU-AuslÃ¤nder zugÃ¤nglich machen, also die Sprachbarriere reduzieren
c) ggf. Ausbildungsangebot Staffeln um Quereinsteiger in ungeliebten Aufgaben Chancen &amp; Anreize zu bieten
d) fÃ¼r Talente alles verkÃ¼rzen damit ...",,,,
307,1389477509780197378,"RT @ya_basta_netz: Fotos der Hamburger Vernetzung zur Feier der Abreise der Zapatista.

Fotos desde Hamburg en apoyo a la gira Zapatista.â€¦",,,,
308,1389477508391833600,"RT @Lipitelektroph1: Eine ArmlÃ¤nge OB Reker aus KÃ¶ln heute: Es gibt kein Grundrecht auf einen Restaurantbesuch u.a. 
Frau Reker, es gibt abâ€¦",,,,
309,1389477493946597385,Series-A-Runde fÃ¼r Berliner Software-Unternehmen n8n GmbH Ã¼ber 10 Mio. EUR https://t.co/QLeQLphTjy,,,,
310,1389477492529025025,"Tief #EUGEN erfasst Deutschland: Im Westen und in der Mitte werden Ã¶rtlich bereits SturmbÃ¶en um 80 km/h gemessen, die hÃ¶chsten Windspitzen gibt es ab den Mittagsstunden. Aktuelle Daten und Infos zum #Sturm: https://t.co/S3u3uiSvSi",,,,
311,1389477478276739072,"@Elektro_Robin @parents4future Er macht Wahlkampf nach innen. Die Motivation ist dermaÃŸen am Aâ€¦, da mÃ¼ssen jetzt schon einfachste Strohpuppen herhalten.",,,,
312,1389477476460498946,"@mimichakraborty Khela to hoe gelo,er por a abar khelte iche korche?ğŸ˜œğŸ˜œğŸ˜œğŸ˜œğŸ˜œ",,,,
313,1389477462430601216,RT @SicherheitPlus: Wer verteidigt die #Ukraine? Wie kann Destabilisierung durch #Russland gestoppt werden? Wie positioniert sich die #NATOâ€¦,,,,
314,1389477459083415557,RT @EGIRLR0SE: rosÃ© with bangs was such a look https://t.co/33y23JAGc2,,,,
315,1389477458164977669,"RT @dimetra_ecrit: â€Merkels ZitteranfÃ¤lle sind Folge des Klimawandels.â€œ (A. #Baerbock) 

Also, wenn das keine Bildung ist... 

#ARD",,,,
316,1389477454943858691,"@wimipolis @em_steinbrecher Finanzinvestor Blackstone ist mit drin, die u. a. auch bei fragwÃ¼rdigen GeschÃ¤ften im brasilianischen Regenwald beteiligt sind. Abholzung und so.",,,,
317,1389477454880952321,"RT @dimetra_ecrit: â€Merkels ZitteranfÃ¤lle sind Folge des Klimawandels.â€œ (A. #Baerbock) 

Also, wenn das keine Bildung ist... 

#ARD",,,,
318,1389477454587248640,RT @kkklawitter: â€Die Fahrradindustrie umfasste 2019 66.000 lokale und krisenfeste ArbeitsplÃ¤tze fÃ¼r vielfÃ¤ltige Qualifikationsniveaus. Hieâ€¦,,,,
319,1389477451508551687,@h_a_nnie HOW JKADBADKJA???,,,,
320,1389477451080912898,U-Bahn-UnglÃ¼ck in Mexiko-Stadt: Mindestens 15 Tote https://t.co/WxtQpIyjVe,,,,
321,1389477440616030209,"@denknachmann @ArianLeMans @sneakerdaddy93 @Karl_Lauterbach @c_drosten @ViolaPriesemann @BrinkmannLab @maithi_nk 1. Die mitteleuropÃ¤ischen Staaten D, CH und A haben ganz Ã¤hnliche Muster.

2. Bei den osteuropÃ¤ischen Staaten Polen und Tschechien ist es anders.

3. Antworten Sie nicht mehr auf meine Tweets, sonst blocke ich. Mag es nicht, dass Sie mir mit unentwegten Fakes die Zeit stehlen.",,,,
322,1389477433967976450,"RT @yizhou1st: Someone made a WLBZ4 tiktok video ğŸ¥º

https://t.co/ssCV9jhTMy https://t.co/TjkcszhFPz",,,,
323,1389477432651026436,"@sixtus Aber diese Jahrzehntelange Propaganda a la: wenn RRG die Regierungsparteien sind, geht spontan die Welt unter funktioniert recht gut bei den Generationen ab Boomer aufwÃ¤rts. Hatte deswegen schon interessante Telefonate mit der Familie.",,,,
324,1389477428205129729,Mi Lehrer isch a Leo weisch wie agro de grad isch omg Chile,,,,
325,1389477425202049026,"RT @Robert_V_Schuh: A ned schlecht... Oida, wie werden in Tirol Ã¶ffentliche AuftrÃ¤ge vergeben?... ğŸ¤¦â€â™‚ï¸ğŸ¤¦â€â™‚ï¸ğŸ¤¦â€â™‚ï¸

https://t.co/oqf24JU8fW",,,,
326,1389477401533558785,"""Two And A Half Men"" startet in 8 Tagen neu.
(wochentags, Mittag, Pro7)",,,,
327,1389477400111685632,"RT @ya_basta_netz: Fotos der Hamburger Vernetzung zur Feier der Abreise der Zapatista.

Fotos desde Hamburg en apoyo a la gira Zapatista.â€¦",,,,
328,1389477398337425408,daniel brÃ¼hl is such a good actor what the fuck,,,,
329,1389477396869533699,"Eine gute PrÃ¤sentation Deiner MÃ¶glichkeiten mit Kai Fischer im #hrfernsehen https://t.co/mtthpB41zJ 
#Hessen hat allerdings kein #LandesfÃ¶rderung fÃ¼r private Solaranlagen. Kredite gibts von der @KfW . FÃ¶rderung gibtÂ´s in Kommunen wie #Wiesbaden oder Marburg. https://t.co/rnvIyg1YbU",,,,
330,1389477395414007809,#BigData-Trends im Ãœberblick - Was ist was bei #PredictiveAnalytics? https://t.co/292OyJjSJz,,,,
331,1389477393379758080,RT @PGNewsHQ: Star Wars Jedi: Fallen Order 2 - Will Cal Be a Jedi Master? https://t.co/pDkBzFpUNt #Gaming #News #pgnhq,,,,
332,1389477366058082307,"RT @KollektivFfm: Wir haben mit @A_DemosanisFFM Ã¼ber die Demo am #TagderArbeit in Frankfurt gesprochen. ""Es gibt mehrere SchÃ¤delbasisbrÃ¼cheâ€¦",,,,
333,1389477350124015616,"RT @NancyFaeser: Eine gute Nachricht am Morgen. Klar ist aber: Innenminister Beuth muss umfassend darlegen, wie der mutmaÃŸliche TÃ¤ter an diâ€¦",,,,
334,1389477337264164864,"RT @threadreaderapp: @lothenon Bonjour, here is your unroll: Es ist doch interessant, wie ProblembewÃ¤ltigung in Politik undâ€¦ https://t.co/7â€¦",,,,
335,1389477303009357829,"@schneckenfan1 @LordTimothy9 Er ist in gar keiner Partei. Er spendet nur der FDP und CDU, damit die den grÃ¼nen Kommunismus stoppen.

Der Tweet und die Aufmerksamkeit die er gerade bekommt kommt hiervon:

https://t.co/63KdtBeJ5i",,,,
336,1389477283384201216,"@ismail_kupeli Ab jetzt ist interessant, wie d. Kontakte zwischen d. VerdÃ¤chtigen u. d. Cops aussehen, die a. d.  Polizeirechnern d. Abfragen d. jew. Personendaten durchgefÃ¼hrt und ihm zugÃ¤nglich gemacht haben. Alles andere wÃ¤re nur wieder vertuschendes Einzelfallgerede. #nsu20 #Polizeiproblem",,,,
337,1389477280922079234,@LiberalMut Die is holt a bisserl blond,,,,
338,1389477279701610498,"Hat hier zufÃ¤lligerweise jemensch Zugang zu Oswald et al (2005): Decentering Heteronormativity: A Model for Family Studies
DOI: 10.4135/9781412990172.n6",,,,
339,1389477279181545472,i want to live a happy life but ich kann noch nicht ausziehen :(,,,,
340,1389477273489842177,"Kommende Bundestagswahl wird Intelligenztest, den viele,v.a. jÃ¼ngere Menschen, nicht bestehen werden. Wenn diese das Alter erreicht haben, in dem sie auf eigene Beine stehen mÃ¼ssen, erkennen sie vielleicht, was sie angerichtet haben. Nur dann ist es leider zu spÃ¤t. #Klimalockdown",,,,
341,1389477262894977030,"Eine gute Nachricht am Morgen. Klar ist aber: Innenminister Beuth muss umfassend darlegen, wie der mutmaÃŸliche TÃ¤ter an die privaten Informationen der Opfer gelangt ist. 

https://t.co/UnzIiDtHvq

#NSU20",,,,
342,1389477261871443969,@S_L_A_R_dottir Meine Frau verbringt inzwischen jeden Tag Zeit mit diesem Ausbruch und diversen Youtubern dazu. Am Ende Ã¼berholt sie mich deswegen noch mit IslÃ¤ndischğŸ˜ Sie hatte noch schÃ¶nere Bilder hier von: https://t.co/zvCb2arGM7,,,,
343,1389477231525781504,"@eat_a_brick_h0e ja eben, ich auch xD so heiÃŸen sonst nur so Ã¼40 frauen meistens",,,,
344,1389477218917683200,"RT @tvmagazinone: Demet Ã–zdemir put a big bomb on social MediağŸ’¥
#DemetÃ–zdemir
 https://t.co/7RiOAq7Msv",,,,
345,1389477218448027653,RT @kkklawitter: â€Die Fahrradindustrie umfasste 2019 66.000 lokale und krisenfeste ArbeitsplÃ¤tze fÃ¼r vielfÃ¤ltige Qualifikationsniveaus. Hieâ€¦,,,,
346,1389477203835068419,RT @CafeKollektiv: Wir erwarten euch! VideogrÃ¼ÃŸe des Europa von unten und links an #LaGiraZapatistaVa #EZLNaEuropa #TravesÃ­aZapatista #Nuesâ€¦,,,,
347,1389477177381597184,"@LudkeThomas @BerlinerNotizen So ein Schwachsinn. Am 4.11.89, da gehÃ¶rte nicht viel Mut dazu, sich gemeinsam mit u.a. Leuten von der SED auf eine BÃ¼hne zu stellen",,,,
348,1389477146092097538,"@ebenwert keine Ahnung ob das von dir nur ein gutgemeinter oder ein ernstgemeinter Vorschlag ist, aber es kann nicht sinnvoll sein dass jetzt viele JÃ¼ngere ohne bestÃ¤ndige A-P-Beziehung je bei einer Handvoll Ã„rzt:innen anrufen das kann nur zur weiteren Ãœberlastung fÃ¼hren",,,,
349,1389477141495037952,"RT @travel: Bear cubs climbing a tree in Lapland, Finland! 
ğŸ“¸: Â©Danilo Ernesto Melzi https://t.co/H5LKlUFn91",,,,
350,1389477140735750146,"In einem identischen Statement Ã¼ber Twitter erklÃ¤ren Bill und Melinda Gates, kÃ¼nftig privat getrennte Wege zu gehen. https://t.co/63gpd8abSq",,,,
351,1389477090207088648,"@eToro Eine gewisse Wertaufbewahrungsfunktion kÃ¶nnen manche Cryptos entwickeln (Ã¤hnlich wie EM). Eine Funktion als Zahlungsmittel (aus der sich der aktuelle Kurs ableiten lieÃŸe) bekommen sie nur, wenn a) die EZB sie offiziell zum Zahlungsmittel macht (wird sie nicht tun) oder b) die",,,,
352,1389477070258978818,"@ThaiRoyalFamily @ThaiPBSNews @srf3 @Blickch @BILD @alain_berset @EU_Commission @vonderleyen es ist richtig, die schweiz bei forschungen auszunehmen...Gratuliere , weiter so !!!!!ğŸ¦ A.SingtooğŸ¤£ğŸ¤£ğŸ¤£ğŸ¤£ğŸ¤£ğŸ¤£ğŸ¤£ğŸ¤£ğŸ¤£ğŸ¤£ğŸ¤£ğŸ¤£ğŸ¤£ğŸ¤£ğŸ¤£ğŸ¤£ğŸ¤ŸğŸ¤ŸğŸ¤Ÿ https://t.co/cTr9Ag1NDP",,,,
353,1389477051061706752,"@BeziehungsTipps 
@BetkaMrs Simone 
M&amp;A Consultat 
DZ Bank AG, Frankfurt am Main",,,,
354,1389477023094124546,"RT @HeleneSteiner4: https://t.co/ZCZyXmRLdr

Da werden heute mal wieder einige der selbstÃ¼berhÃ¶hten (linken) ""(Medien)Kooperative"" vÃ¶llig kâ€¦",,,,
355,1389477022297202688,"RT @andreas_zeise: 8,44 t/CO2 x 3 = 1519,20 â‚¬/p.a. fÃ¼r eine dreikÃ¶pfige Familie. Danke, aber nein Danke! 
 https://t.co/oSzKIJkRJz",,,,
356,1389477015313604608,RT @kkklawitter: â€Die Fahrradindustrie umfasste 2019 66.000 lokale und krisenfeste ArbeitsplÃ¤tze fÃ¼r vielfÃ¤ltige Qualifikationsniveaus. Hieâ€¦,,,,
357,1389476979955601408,"https://t.co/6zUXyw3dP1:""
0:1 gegen Torino: Parma Calcio steht als 2. Serie-A-Absteiger fest 
https://t.co/vuH5hbIrWf"" #Fussball #Transfermarkt",,,,
358,1389476959407771650,"Artikel ""Ã–kologischer FuÃŸabdruck: Warum Hunde schlecht fÃ¼r die Umwelt sind"". Was fÃ¼r ein Schwachsinn! Vielleicht sollte der Mensch lieber erstmal an seinem Ã¶kologischen FuÃŸabdruck arbeiten und u.a. ein Tempolimit einfÃ¼hren, bevor man irgendwelche Bilanzen ausrechnet.",,,,
359,1389476946724130816,"Offenes Verfahren nach VOB/A auf @neuerauftrag: ""Sekundarschule VÃ¶lkerfreundschaft - Los A09 #Estricharbeiten"" https://t.co/GG8y7mOhDn",,,,
360,1389476934300602368,"Amazon (de): Stock changed from ""Lieferbar ab dem 28. Mai 2021."" to ""Auf Lager."" at 09:08:10.862+02:00 https://t.co/rByk5oUWbI [A] #amd5000tracking_region_de #Ryzen5000 #AMD",,,,
361,1389476931318452224,"RT @thomasmasserefo: ğŸ’¥Wahlprogramm der GrÃ¼nen 2021ğŸ’¥

â€¢  Verbot aller tÃ¶dlichen Schusswaffen in Privathaushalten
â€¢  bundesweiter Mietendeckeâ€¦",,,,
362,1389476920065249286,"RT @travel: Bear cubs climbing a tree in Lapland, Finland! 
ğŸ“¸: Â©Danilo Ernesto Melzi https://t.co/H5LKlUFn91",,,,
363,1389476915518521347,Neu bei C&amp;A: Diese stylishe Wickelbluse ist das Trendteil der Saison https://t.co/8oGko0bvrJ,,,,
364,1389476912637038593,"Bosch WTW87541 WÃ¤rmepumpentrockner (EEK: A++,259 kWh, 9 kg) fÃ¼r 519,00 â‚¬ inkl. Versand (statt 569,95 â‚¬)https://t.co/aErAb1BiDy",,,,
365,1389476911844413444,"@DegeBh @a_nnaschneider Ja! Das Problem ist aber, wenn #SARSCoV2  bei VIELEN aktiv ist und das ist weltweit in den meisten LÃ¤ndern immer noch der Fall. Das heisst nicht, dass alle MaÃŸnahmen uneingeschrÃ¤nkt sinnvoll sind. Aber wir kÃ¶nnen auch noch nicht so tun als gÃ¤be es keine Pandemie.",,,,
366,1389476893775339520,"RT @GeorgNoa: Ohne Worte ğŸ˜¡
https://t.co/mnJqM7WBwO",,,,
367,1389476893280423936,"Der ca. 150 km Weg zwischen #Sillian und #ThÃ¶rlMaglern zÃ¤hlt zu den schÃ¶nsten Weitwanderwegen Europas. #Weitwanderweg Karnischer HÃ¶henweg in den Karnischen Alpen, #SÃ¼dalpen, #KÃ¤rnten, #Osttirol - mit #WanderfÃ¼hrer + #Wanderkarten | https://t.co/zL1h5tm53f https://t.co/L1MvzZ41Jz",,,,
368,1389476868491988995,@eat_a_brick_h0e ahhh omg das ist so coooolğŸ¥º mich freut das grad voll,,,,
369,1389476849646981120,RT @derspiegel: Auf den Intensivstationen liegen immer mehr JÃ¼ngere mit Covid-19 â€“ darunter auch werdende MÃ¼tter. In anderen LÃ¤ndern wird dâ€¦,,,,
370,1389476849525436419,"Die schreiben Ã¼ber ""Sommer"", als wenn das noch weit in der Zukunft lÃ¤ge. Es ist schon Mai und trotz theoretischer Berechtigung kein Impftermin in Sicht. Alles auf ewig ausgebucht. 
https://t.co/2P5oOPTyMq via @derspiegel",,,,
371,1389476844802555904,RT @andreschulze_nk: Eine wichtige MaÃŸnahme fÃ¼r die wir im letzten Jahr gemeinsam u.a. mit @MehrKiezRixdorf intensiv in der #bvvnk gestrittâ€¦,,,,
372,1389476826154737668,"RT @joestel_uwe: GRÃœNE Politik hat nichts mit Umwelt- und Naturschutz zu tun. 
Mit Ausstieg aus der Kernenergie wird eine CO2-Reduktion vonâ€¦",,,,
373,1389476819674484737,RT @EGIRLR0SE: rosÃ© with bangs was such a look https://t.co/33y23JAGc2,,,,
374,1389476792558358530,"Wien iwwer Sexismus a GeschlechterglÃ¤ichstellung wÃ«llt schwÃ¤tze kÃ«nnt net laanscht de BegrÃ«ff Gender. D'Isabelle Schmoetten ass der Meenung, datt dÃ«se BegrÃ«ff am Ã«ffentlechen Discours dacks net oder falsch verstanen a falsch genotzt gÃ«tt.

https://t.co/NtampFbZPd",,,,
375,1389476784333332480,RT @EGIRLR0SE: rosÃ© with bangs was such a look https://t.co/33y23JAGc2,,,,
376,1389476768889835520,RT @santapauli1980: Mein Bruder arbeitet im Einzelhandel und wirft jeden Tag 10-15 Maskenverweigerer raus (â€Ich hab Attest! Zeige ich aberâ€¦,,,,
377,1389476748237197312,"RT @germansmartcity: Liebe KollegInnen vom @BSI_Bund, gibt es von eurer Seite schon erste Ergebnisse dazu?

Was meint die #digitaleZivilgesâ€¦",,,,
378,1389476725105561603,"Liebe KollegInnen vom @BSI_Bund, gibt es von eurer Seite schon erste Ergebnisse dazu?

Was meint die #digitaleZivilgesellschaft zum #lucahack und der #luciapp von @Peng ?

#DigitaleSouverÃ¤nitÃ¤t #OpenSource #FOSS #FLOSS #BVSC

https://t.co/BMWwKuKp4N",,,,
379,1389476714057805824,"Von einem, der es wissen muss. Matthias Schwaibold ist einer der wenigen Medienrechts-Experten in der Schweiz (u.a. fÃ¼r Ringier). https://t.co/Jos9r4xj9J",,,,
380,1389476712317165569,"(1/2) Schneller (#Bio) schlau. Wie #Corona der #Transformation in #Landwirtschaft und #ErnÃ¤hrung einen weiteren #push in 2020 gab, hat @faznet mal graphisch aufgearbeitet. Was man gleich sieht: #Ã–ko bietet noch sehr viel Potential fÃ¼r heimische #Bauern! 

https://t.co/cSSxylQMN8",,,,
381,1389476707422380034,"RT @lrinaldetti: Zyniker, [Subst], ist einÂ Schuft, dessen mangelhafteÂ WahrnehmungÂ DingeÂ sieht, wie sie sind, statt wie sie sein sollten.

Câ€¦",,,,
382,1389476706948366338,"RT @Jhuggy6: Vote natin si Alden! https://t.co/Mwfy3d6KtM

Newsworthy ALDEN
#AldenRichards
@aldenrichards02",,,,
383,1389476701277761539,@A_Girl_Insane Der Zwerg hat sicherlich ordentlich Zug am Leib. ğŸ˜,,,,
384,1389476698811420678,"RT @berknichtberg: â€heutzutage darf man ja gar keine witze mehr machenâ€œ is a weird way to say dass du homophob, rassistisch, frauenfeindlicâ€¦",,,,
385,1389476687335862273,"RT @Nailfreak1: Lockerer Coronakurs in #Madrid
Das Schweden des SÃ¼dens

Man will eine Wahl gewinnen. ğŸ‘†ğŸ¤”ğŸ™„ Wenn die dann gewonnen wurden, gehâ€¦",,,,
386,1389476684441788422,RT @KonstantinKuhle: Auf den letzten Metern dieser Legislaturperiode wollen Union und SPD die Grenze zwischen Nachrichtendiensten und Polizâ€¦,,,,
387,1389476678842437633,"RT @andreas_zeise: 8,44 t/CO2 x 3 = 1519,20 â‚¬/p.a. fÃ¼r eine dreikÃ¶pfige Familie. Danke, aber nein Danke! 
 https://t.co/oSzKIJkRJz",,,,
388,1389476664871112708,"FÃ¼r : A
-rockstar.
https://t.co/iqvE2N04W8",,,,
389,1389476663298252807,RT @rubenmcloop: Hier zum Artikel: https://t.co/9xbfSBYtxe,,,,
390,1389476660643307520,"RT @JGovrin: Ich freue mich sehr, dass der Sammelband zur Emotionalisierung des Politischen von @helfritzsch und JÃ¶rg MÃ¼ller Hipper  erschiâ€¦",,,,
391,1389476648467193856,@eat_a_brick_h0e 16 und duuuu? &lt;3,,,,
392,1389476642490306565,"RT @Ichika_support: 210504 Uehara Ichika Vlog
Ichika appeared in Zhang Teng's vlog in Weibo

Ichika gave a kiss to Zhang Teng! ğŸ˜†ğŸ§¡ğŸ’˜

#Ichikaâ€¦",,,,
393,1389476607048437761,"RT @elbblick: On a different note:

Hat jemand Zugriff auf die Urteile des LG Traunstein vom 26.12.20 (7O 1732/20) und des AG Bremen vom 8.â€¦",,,,
394,1389476595358998529,@A_Girl_Insane FÃ¼r Martin Hundhausen. Er tritt fÃ¼r massiven Ausbau der PVA ein. Die Kombination Strom + hÃ¼bsch hilft sicherlich ein bisschen.,,,,
395,1389476565545799683,RT @KonstantinKuhle: Auf den letzten Metern dieser Legislaturperiode wollen Union und SPD die Grenze zwischen Nachrichtendiensten und Polizâ€¦,,,,
396,1389476551029403648,"@BendlerBlogger KZ- Ãœberschrift am/im Eingangstor, u.a. in Buchenwald / Weimar.",,,,
397,1389476526882660353,"RT @Ichika_support: 210504 Uehara Ichika Vlog
Ichika appeared in Zhang Teng's vlog in Weibo

Ichika gave a kiss to Zhang Teng! ğŸ˜†ğŸ§¡ğŸ’˜

#Ichikaâ€¦",,,,
398,1389476523091103752,"RT @Karl_Lauterbach: Sehr gut recherchierter Artikel zur Frage, ob Schwangere gegen Covid geimpft werden sollen. In der Summe spricht deutlâ€¦",,,,
399,1389476516304760834,RT @LeibnizWGL: Wie stellt man MolekÃ¼le aus? Wie sammelt man das AnthropozÃ¤n? Und was ist eigentlich ein #Forschungsmuseum? Beim #bookascieâ€¦,,,,
400,1389476485820469252,@Salawexe_Jnr A re Peter Parker ğŸ˜… tltltltl...,,,,
401,1389476484381908995,"https://t.co/cd3B37NsTb: Stock changed from ""Lieferbar in 27 Tagen, ausschlieÃŸlich Versand"" to ""Auf Lager, ausschlieÃŸlich Versand"" at 09:06:22.034+02:00 https://t.co/GmM3FA7G0v [A] #rtx3000tracking_region_de #RTXon #NVIDIAGeForce",,,,
402,1389476475418652672,RT @keinhelfer: Die @A_DemosanisFFM haben am vergangenen Samstag die erste Mai Demo in FFM begleitet und spricht von gezielt ausgeÃ¼bter Gewâ€¦,,,,
403,,,1389477537592532993,1389476475418652672,100.0,b26v89c19zqg8o3fostuksk7o61jb98r6h1k5wq7y0znh
404,1389476464299479042,@pelukanhanuman @bo_germaine @zuteuer1 Vor allem muss sie immer von der selben! Gruppe berechnet werden. Und nicht heute Gruppe a und in ein paar Tagen Gruppe b,,,,
405,1389476441633529863,RT @EGIRLR0SE: rosÃ© with bangs was such a look https://t.co/33y23JAGc2,,,,
406,1389476438097776640,"RT @dimetra_ecrit: â€Merkels ZitteranfÃ¤lle sind Folge des Klimawandels.â€œ (A. #Baerbock) 

Also, wenn das keine Bildung ist... 

#ARD",,,,
407,1389476435304267776,RT @SPIEGEL_Top: Schausteller fÃ¼rchten den Oktoberfest-Effekt https://t.co/uNaQmqEYFB https://t.co/ra8B4IkhVb,,,,
408,1389476435144937475,"RT @KMitreden: @JoanaCotar @MoNi_24680 Welches politische Amt hat Ã.Laschet inne, dass er entscheidet mit wem er spricht. Er ist ein Volksvâ€¦",,,,
409,1389476427196772353,RT @keinhelfer: Die @A_DemosanisFFM haben am vergangenen Samstag die erste Mai Demo in FFM begleitet und spricht von gezielt ausgeÃ¼bter Gewâ€¦,,,,
410,1389476417956683776,@eat_a_brick_h0e jaaa ich treffe nie gleichaltrige mit dem namenğŸ¥³,,,,
411,1389476413909180416,"@IbachPeter @DerLader @Stroemungstoene @Kachelmann @maithi_nk ""Ausgelassene Obliquity-Zyklen begrÃ¼nden sich u.a. mit thermohalinen Umschichtungen"" - und darum stimmt es nicht, dass CO2 sich schlechter in warmem Wasser lÃ¶st? Tut mir leid, aber der Satz ergibt fÃ¼r mich keinen Sinn.",,,,
412,1389476413452001282,RT @lambert_to: Auch fÃ¼r letzte Nacht werden in #Kolumbien wieder zahlreiche Ãœbergriffe seitens des MilitÃ¤rs und der Spezialpolizeieinheitâ€¦,,,,
413,1389476405319143427,Pink schrieb wÃ¤hrend Corona-Erkrankung ihr Testament neu https://t.co/DJ7TTfX9oq,,,,
414,1389476401548455937,"Dax im Minus, Biontech Aktie mit Kurssprung, Kursrally fortgesetzt https://t.co/DQKHZVVjL9",,,,
415,1389476398964871172,"WÃ¤re @tgafafer mehr Journalist und weniger Aktivist, hÃ¤tte er ein paar Minuten recherchiert und wÃ¤re dabei u.a. darauf gestossen:
https://t.co/iJYaBb5FH4

https://t.co/RGPJ9iSEZI

https://t.co/xMVN5wgpOB https://t.co/gubivdpS9J",,,,
416,1389476371819376643,"@Honigmund1 @S_L_A_R_dottir Die Leute streiten sich gerade, ob es Monate, Jahre oder Jahrhundere dauern wirdğŸ˜Menschen sind so klein und kurzlebig.",,,,
417,1389476346556989440,"@a_nnaschneider Ich finde das Framing â€von Grundrechten als Privilegienâ€œ Brand gefÃ¤hrlich, man sollte sich immer mal den Artikel eins der AEMR vor Augen halten â€Alle Menschen sind frei und gleich an WÃ¼rde und Rechten geboren.â€œ.",,,,
418,1389476345772707840,HÃ¶re gerade 'The Beast' (Bill Callahan) vom Album Shepherd in a Sheepskin Vest #tunesart https://t.co/hvqHIX2Yce,,,,
419,1389476320632004609,GTAI-Special zur polaren #SeidenstraÃŸe: #China ist in der #Arktis v.a. in Forschung und Schifffahrt prÃ¤sent. An groÃŸen Rohstoff- und Infrastrukturprojekten beteiligen sich dagegen andere LÃ¤nder stÃ¤rker https://t.co/GT7tBpJ7BJ #PolarSilkRoad #Russland #Logistik #Transport #Energie https://t.co/EdIs3o1x8J,,,,
420,1389476291179601924,"Hab gerade Gust WÃ¶ginger an der Ampel getroffen.

Des wird a Tag.",,,,
421,1389476282052841476,"Ich wÃ¼nsche Euch einen schÃ¶nen guten Morgenâ¤ï¸und einen schÃ¶nen Tag.â¤ï¸
I wish you a nice good morningâ¤ï¸and a nice dayâ¤ï¸. https://t.co/yed0B6CtQZ",,,,
422,1389476281230794759,"@a_nnaschneider ""Gleichmachereifantasten"", oida Fux - in einer Pandemie steht eben genau das Kollektiv vor dem Individuum: genau DAMIT mÃ¶glichst schnell die individuellen Freiheiten wieder gelebt werden kÃ¶nnen. So schwierig ist das eigentlich nicht.",,,,
423,1389476269897752578,"#RT @EchoPRN: RT @Tino_Chrupalla: Vetternwirtschaft Ã  la #Merkel: WÃ¤hrend Kleinunternehmer im Lockdown um ihre Existenz kÃ¤mpfen, versorgt die #BuReg schnell noch 71 Beamte mit hochdotierten Posten. Es ist hÃ¶chste Zeit fÃ¼r eine politische Wende mit der Afâ€¦ https://t.co/sYnYB8ZkmW",,,,
424,1389476263048400897,"GeschÃ¤ftsklima 
Deutsche Autoindustrie Ã¼berwindet Coronatief 
#Deutschland #Automobilindustrie 
https://t.co/R3lUIvzZwJ",,,,
425,1389476246162132998,"Philosoph Habermas lehnt Buchpreis ab: Der 91-JÃ¤hrige, der beweglich blieb und Nein sagte https://t.co/XDSF7poBmf via @derspiegel",,,,
426,1389476237026942977,"RT @Ichika_support: 210504 Uehara Ichika Vlog
Ichika appeared in Zhang Teng's vlog in Weibo

Ichika gave a kiss to Zhang Teng! ğŸ˜†ğŸ§¡ğŸ’˜

#Ichikaâ€¦",,,,
427,1389476233772163073,"@THochscherf @Tim_Roehn Impfen eher nicht, da aktuell u. a. in Bayern reihenweise die 2. Impftermine nicht wahrgenommen werden.",,,,
428,1389476222950789123,RT @graue: Pfizer gang is a granfalloon.,,,,
429,1389476218928500737,"(1) Der Impfpass soll zum Lebensberechtigungsschein werden, wie schon lange geplant von den Rossteuschern. Der politische Widerstand gegen irrationale, vÃ¶llig Ã¼berzogene MaÃŸnahmen wird mit wachsender Zahl der vollstÃ¤ndig Geimpften (derzeit in der BRD bereits 28%) peu Ã¡ peu (...)",,,,
430,1389476212855148549,"RT @andreas_zeise: 8,44 t/CO2 x 3 = 1519,20 â‚¬/p.a. fÃ¼r eine dreikÃ¶pfige Familie. Danke, aber nein Danke! 
 https://t.co/oSzKIJkRJz",,,,
431,1389476202814058496,RT @fCruelet4u2r0e: Nach Gerichtsurteil: Merz bremst bei Ãœberarbeitung des Klimaschutzgesetzes https://t.co/44Zm5df4oO via @derspiegel,,,,
432,1389476176209580032,"ğŸ“£Heute, 19.30 Uhr: Wer profitiert von der #Digitalisierung und wer ist benachteiligt? Brauchen wir spezielle Digitalsteuern und wie kÃ¶nnen diese zu mehr Gerechtigkeit beitragen? U.a. DarÃ¼ber tauschen wir uns live mit @monikaturyna &amp; @YohannesBecker aus! ğŸ‘‰https://t.co/6Kb0OBKNkN https://t.co/DHWDzUY4eg",,,,
433,1389476174099886080,"Und wieder eine Studie. Diesesmal der @IAV_de.
Wasserstoff wird von aus Angst vor Jobverlust in Deutschland schÃ¶n gerechnet.
Hat jemand Lust auf einen Debunk?
@Elektro_Robin @DerGraslutscher
@AukeHoekstra
https://t.co/qbYq1jwCsO",,,,
434,1389476138460848131,"RT @KollektivFfm: Wir haben mit @A_DemosanisFFM Ã¼ber die Demo am #TagderArbeit in Frankfurt gesprochen. ""Es gibt mehrere SchÃ¤delbasisbrÃ¼cheâ€¦",,,,
435,1389476104688242688,"Gerade beim Lernen: Heute u.a. Rechtsprechung, was fÃ¼rs zweite Examen relevant werden kÃ¶nnte: ""LG Arnsberg hat der Klage stattgegeben, OLG Hamm hat sie abgewiesen, Revision dagegen erfolgreich"" NATÃœRLICH war die Revision erfolgreich, das sagte ja schon der Zusatz OLG Hamm.ğŸ™„ğŸ¤ª",,,,
436,1389476100737220609,"ğŸªâŒ ""Der ultimative Cookie-Datenschutz-Ratgeber"" https://t.co/L749Dj6dph - 99 % der Cookie-Opt-Ins sind unzulÃ¤ssig. Wie es besser geht, erfahren Sie anhand von Beispielen (Matomo, Google Analytics. A/B-Tests, Affiliate-Tracking, Facebook-Pixel). #DSGVO #ePrivacy #Cookies",,,,
437,1389476076318072832,RT @EGIRLR0SE: rosÃ© with bangs was such a look https://t.co/33y23JAGc2,,,,
438,1389476063965810693,"@BlockN5 @Dt_Aerzteblatt @kbv4u Wir haben Spracherkennung, seit 14 Jahren wird jeder Bericht gescannt, eine Praxissoftware existiert seit 1993! Aber staatliche Zwangsdigitalisierung Ã  la Jens Spahn bedeutet zB elektronische AU-Bescheinigung + zusÃ¤tzliche Verpflichtung zum PAPIERAUSDRUCK(!) fÃ¼r den Kassenarzt!",,,,
439,1389476034383392772,"Soviel Ã¼brigens zum Thema ""2015 darf sich nicht wiederholen"". So a Bledsinn.",,,,
440,1389476028289101824,@michael_a_68 @biontech VerrÃ¼ckt wie die zur Zeit abgehtâ€¦,,,,
441,1389476028205223937,"RT @hhoeppe: Nun stellt euch mal vor, einer wie #MaaÃŸen wÃ¤re Chef eines Geheimdienstes.

#Staatstrojaner 

@cducsubt @spdbt @fdp @Die_Gruenâ€¦",,,,
442,1389476025952727040,"RT @analytik_jobs: Technische Assistenten fÃ¼r die QualitÃ¤tskontrolle (m/w/d): Abgeschlossene Berufsausbildung als BTA, PTA, CTA, MTLA, Kranâ€¦",,,,
443,1389476022890999808,RT @KonstantinKuhle: Auf den letzten Metern dieser Legislaturperiode wollen Union und SPD die Grenze zwischen Nachrichtendiensten und Polizâ€¦,,,,
444,1389476015714578435,"@Ralf_Stegner ""Freie, unabhÃ¤ngige, seriÃ¶se+professionelle Presseberichterstattung ist Grundpfeiler unserer freiheitlichen Demokratie.""Mag sein,aber wieso leisten wir uns dann den Ã–RR, der weder professionel noch frei, noch seriÃ¶s ist?https://t.co/P2w8Kg1Rq0",,,,
445,1389476015542505472,"RT @ya_basta_netz: Fotos der Hamburger Vernetzung zur Feier der Abreise der Zapatista.

Fotos desde Hamburg en apoyo a la gira Zapatista.â€¦",,,,
446,1389476007221112832,"RT @ardewes: Der Staat kauft fÃ¼r viel Steuergeld die #LucaApp, welche intime Daten von Millionen von Menschen verarbeiten soll. Der Cultureâ€¦",,,,
447,1389475970990624768,Heute erscheint u.a. ein Legends/Kanon-Kurzgeschichtenband https://t.co/Oj7IA2xiLD,,,,
448,1389475940175130625,RT @FWWinterberg: Digitalisierung: Deutsche Bank will noch mehr Postbank-Filialen schlieÃŸen https://t.co/7QPe7RMQRk via @derspiegel,,,,
449,1389475931551588352,"RT @Lipitelektroph1: Eine ArmlÃ¤nge OB Reker aus KÃ¶ln heute: Es gibt kein Grundrecht auf einen Restaurantbesuch u.a. 
Frau Reker, es gibt abâ€¦",,,,
450,1389475912995852291,"Technische Assistenten fÃ¼r die QualitÃ¤tskontrolle (m/w/d): Abgeschlossene Berufsausbildung als BTA, PTA, CTA, MTLA, Krankenschwester/-pfleger oder vergleichbare Qualifikation, Kenntnisse in der zellbasierten Analytik (u.a. Durchflusszytometrie, qPCR,â€¦ https://t.co/RPQ2p9N02v https://t.co/TsQYTNZN7Z",,,,
451,1389475909976084481,"@katzentratschen @_Daudi_ @fragmente Nein nein, sie sind jeden Tag im BÃ¼ro (die anderen 3), haben sich dann Samstag getestet, Sonntag und Montag. Sind Montag auch nicht mehr ins BÃ¼ro gegangen. Dennoch hÃ¤tte ich erwartet, dass man a) nicht 3 positive Tests abwartet, bevor man was tut und b) Kontakte informiert...",,,,
452,1389475904506695682,"Bitte das Tragen folgender Aufschriften auf Jutebeuteln ab jetzt strafrechtlich verfolgen:
- it's always wine o'clock
- everything happens for a riesling 
- nach mir die ginflut 
- macht das alles einen gin",,,,
453,1389475899662340102,RT @kkklawitter: â€Die Fahrradindustrie umfasste 2019 66.000 lokale und krisenfeste ArbeitsplÃ¤tze fÃ¼r vielfÃ¤ltige Qualifikationsniveaus. Hieâ€¦,,,,
454,1389475894406914048,"@theclubic @golem Die Ãœberschrift stimmt so nicht!

A) FÃ¤hrt er ja wie beschreiben selbst E-Auto

B) Schreibt @golem, dass er sagt man solle nicht NUR auf E-MobilitÃ¤t setzen...",,,,
455,1389475890745184258,RT @a_watch: Randnotiz: Als SachverstÃ¤ndiger ist u.a. der frÃ¼here SPD-Abgeordnete Dieter WiefelspÃ¼tz geladen. WÃ¤hrend seiner Zeit im Bundesâ€¦,,,,
456,1389475888857747460,"RT @holgerschindler: HÃ¶rt auf die #Wissenschaft! ""Spiegel""-Beitrag vom 29. MÃ¤rz: ""#Experten"", namentlich Kai #Nagel von der TU Berlin, warnâ€¦",,,,
457,1389475887549190145,RT @BorisNMoellers: @connectcdu @Die_Gruenen @PaulZiemiak Das Wahlprogramm von @CDU in a nutshell: https://t.co/Cc6PJ1ysT0,,,,
458,1389475887071088642,SPIEGEL: Deutsche Bank will noch mehr Postbank-Filialen schlieÃŸen https://t.co/2VZmUK7a8t,,,,
459,1389475876170051584,"Lockerer Coronakurs in #Madrid
Das Schweden des SÃ¼dens

Man will eine Wahl gewinnen. ğŸ‘†ğŸ¤”ğŸ™„ Wenn die dann gewonnen wurden, geht es dann wieder ab in den #lockdown ? #Corona treibt seltsame BlÃ¼ten.ğŸ¤¦â€â™€ï¸

https://t.co/6INEXi8uIS",,,,
460,1389475862815334401,"RT @KollektivFfm: Wir haben mit @A_DemosanisFFM Ã¼ber die Demo am #TagderArbeit in Frankfurt gesprochen. ""Es gibt mehrere SchÃ¤delbasisbrÃ¼cheâ€¦",,,,
461,1389475856599425025,"RT @mephistomann: â—BITTE RETWEETENâ—
â—ğŸ’¥So wird Panik produziert, u.a. der Corona-Tote, der noch schnell eine rauchen muss... Best of Corona-â€¦",,,,
462,1389475853755617281,RT @KonstantinKuhle: Auf den letzten Metern dieser Legislaturperiode wollen Union und SPD die Grenze zwischen Nachrichtendiensten und Polizâ€¦,,,,
463,1389475850140241921,"@DigiEngineer2 @golem Die Ãœberschrift stimmt so nicht!

A) FÃ¤hrt er ja wie beschreiben selbst E-Auto

B) Schreibt @golem, dass er sagt man solle nicht NUR auf E-MobilitÃ¤t setzen...",,,,
464,1389475809249869827,"SPD-Kanzlerkandidat: Olaf Scholz hÃ¤lt Wahlergebnis Â»in den oberen 20 ProzentÂ« fÃ¼r mÃ¶glich https://t.co/CljEtfifO0 
Ich tatsÃ¤chlich auch, denn was ansonsten noch geboten wird, steht fÃ¼r mich nicht zur Debatte. Wenn die SPD die Umwelt nicht vergisst, kÃ¶nnte es klappen.",,,,
465,1389475785279512580,Robin did a Mortal Kombat https://t.co/YsXHWQvxpA,,,,
466,1389475776915968002,"RT @Ichika_support: 210504 Uehara Ichika Vlog
Ichika appeared in Zhang Teng's vlog in Weibo

Ichika gave a kiss to Zhang Teng! ğŸ˜†ğŸ§¡ğŸ’˜

#Ichikaâ€¦",,,,
467,1389475775418707969,RT @KonstantinKuhle: Auf den letzten Metern dieser Legislaturperiode wollen Union und SPD die Grenze zwischen Nachrichtendiensten und Polizâ€¦,,,,
468,1389475753444655108,"RT @Lipitelektroph1: Eine ArmlÃ¤nge OB Reker aus KÃ¶ln heute: Es gibt kein Grundrecht auf einen Restaurantbesuch u.a. 
Frau Reker, es gibt abâ€¦",,,,
469,1389475746330992640,RT @EGIRLR0SE: rosÃ© with bangs was such a look https://t.co/33y23JAGc2,,,,
470,1389475729574875139,Star Wars Jedi: Fallen Order 2 - Will Cal Be a Jedi Master? https://t.co/pDkBzFpUNt #Gaming #News #pgnhq,,,,
471,1389475693495525380,"RT @AppenKristin: Wer sich fragt, warum der Deutsche vom eigenen Staat + der ganzen Welt zur Kasse gebeten, abgezockt + obendrein verlachtâ€¦",,,,
472,1389475686432313344,RT @AGGeldautomaten: Trotz #Corona: Die Deutschen zahlen am liebsten mit #Bargeld https://t.co/AjMt4huoG5 via @derspiegel,,,,
473,1389475680493125634,"@HeitmannStephan @stadt_d_staedte @rvr_ruhr Als Verkehrsminister hat A. Scheuer natÃ¼rlich damit zu tun, die dilettantische AusfÃ¼hrung des Projektes ist aber auf die ZustÃ¤ndigkeit der jeweilige StÃ¤dte zurÃ¼ckzufÃ¼hren. Unsere Landesegierung ist jetzt schwarz/gelb u Bodenversiegelungen gibt es noch in ganz anderen Dimensionen.",,,,
474,1389475667797024774,RT @dw_wirtschaft: #Indien trifft die jÃ¼ngste Welle der #Pandemie hÃ¤rter als andere LÃ¤nder. Auch in der Wirtschaft hinterlÃ¤sst das tiefe Spâ€¦,,,,
475,1389475661073502211,"RT @KollektivFfm: Wir haben mit @A_DemosanisFFM Ã¼ber die Demo am #TagderArbeit in Frankfurt gesprochen. ""Es gibt mehrere SchÃ¤delbasisbrÃ¼cheâ€¦",,,,
476,1389475645458161665,@Rosinnjo Angeblich trainiert der @a_schaefermeier deshalb schon in 2 Schichten tÃ¤glich damit es demnÃ¤chst eine Erweiterung der Fotoserie gibt,,,,
477,1389475637677658112,Hier zum Artikel: https://t.co/9xbfSBYtxe,,,,
478,1389475633848152073,"namkook unit when?? 
https://t.co/s4cg7HDcCP",,,,
479,1389475625015119873,RT @a_watch: Randnotiz: Als SachverstÃ¤ndiger ist u.a. der frÃ¼here SPD-Abgeordnete Dieter WiefelspÃ¼tz geladen. WÃ¤hrend seiner Zeit im Bundesâ€¦,,,,
480,1389475623794528257,RT @EGIRLR0SE: rosÃ© with bangs was such a look https://t.co/33y23JAGc2,,,,
481,1389475620934017024,"RT @elbblick: On a different note:

Hat jemand Zugriff auf die Urteile des LG Traunstein vom 26.12.20 (7O 1732/20) und des AG Bremen vom 8.â€¦",,,,
482,1389475603263500289,RT @KonstantinKuhle: Auf den letzten Metern dieser Legislaturperiode wollen Union und SPD die Grenze zwischen Nachrichtendiensten und Polizâ€¦,,,,
483,1389475573047644161,"Photo: von #Ossietzky as a concentration camp prisoner in 1934, KZ Esterwegen.",,,,
484,1389475550276767747,"@a_watch Schamlos!
Abgehoben und unverschÃ¤mt, so schÃ¼tzt die bay.Regierung Korruption, Spezlwirtschaft und Lobbyismus. Wenn  nichts zu verbergen oder zu verschleiern ist kann die bay.Regierung offen und frei Auskunft geben.
Wir kennen die Mauscheleien der CSU zu genÃ¼ge und SÃ¶der schweigt",,,,
485,1389475544409026562,"Ich wusste bis soeben gar nicht das die demokratische Partei ""Die Basis"" etwas mit ""#Querdenkern"" zu tun hat. ğŸ¤” ğŸ˜‰
Das sind bestimmt #FakeNews 

#allesdichtmachen-Initiator: Volker Bruch hat Mitgliedsantrag bei Querdenker-Partei gestellt https://t.co/aGcBXQ2sH2",,,,
486,1389475541749800964,"LATEIN?! Die klauen die Abi-Aufgaben fÃ¼r LATEIN.
Quid novi, criminal?
Bamberg: Gericht verurteilt ehemalige SchÃ¼ler wegen gestohlener Abi-Aufgaben https://t.co/XC5PBMyDL1 via @derspiegel",,,,
487,1389475528600604673,"@SvenjaBlogDe Aber Infektionskrankheiten auszurotten ist sowas von 1977â€¦ (bei ca. 1:45)
https://t.co/BOtHsLI1GA",,,,
488,1389475524104310784,RT @EGIRLR0SE: rosÃ© with bangs was such a look https://t.co/33y23JAGc2,,,,
489,1389475521063489538,"â€œSe um nazista se senta Ã  mesa com dez pessoas e ninguÃ©m se levanta, entÃ£o hÃ¡ onze nazistas.â€ Ditado alemÃ£o.
""Wenn ein Nazi mit zehn Leuten an einem Tisch sitzt und niemand aufsteht, dann gibt es elf Nazis.""  Deutsches Sprichwort.
#adidas #AdidasBrazil",,,,
490,1389475511924035588,... Thema: MÃ¤nnerdomÃ¤ne Print? Nix neuen bei den linken Schreiberlingen ... Chefredakteurin Barbara Hans verlÃ¤sst den SPIEGEL https://t.co/efuixWrWk6 via @derspiegel,,,,
491,1389475505104060419,"@Bob_Gedron @to_prim @R_A_Ziemkiewicz Ben Schulz, Haba nagila!",,,,
492,1389475495499247617,@y451r_II mere pass eik b ni a rh ğŸ¤·,,,,
493,1389475480294903808,"@e_a_1 Nicht fundierte Aussagen werfen halt einfach ein schlechtes Bild auf Sie. UnabhÃ¤ngig von der Plattform. Dies zu verteidigen wirkt auf mich zudem befremdlich.

""Autismus ist unabhÃ¤ngig von der Intelligenzentwicklung [...]"" https://t.co/eyTAf9FTgy",,,,
494,1389475475362299905,"RT @anna_cavazzini: StÃ¤ndig warnen wir davor, dass der Amazonas kippt. Jetzt ist es so weit, zeigen neuste Berechnungen. Manchmal gibt es râ€¦",,,,
495,1389475433343750148,RT @EGIRLR0SE: rosÃ© with bangs was such a look https://t.co/33y23JAGc2,,,,
496,1389475432949497860,"Cheney hat bei Twitter geschrieben: 
Â»Die Wahl 2020 wurde nicht gestohlen. Wer das behauptet, verbreitet DIE GROSSE LÃœGE, kehrt dem Gesetz den RÃ¼cken und vergiftet unsere Demokratie.Â«
Trump gehÃ¶rt wegen seiner LÃ¼gen wieder angeklagt und vor Gericht.
https://t.co/6CHo3ahQwX",,,,
497,1389475427643654144,K A N G E N,,,,
498,1389475427568308229,RT @kkklawitter: â€Die Fahrradindustrie umfasste 2019 66.000 lokale und krisenfeste ArbeitsplÃ¤tze fÃ¼r vielfÃ¤ltige Qualifikationsniveaus. Hieâ€¦,,,,
499,1389475425068490752,"@a_nnaschneider ""aber das Individuum steht Ã¼ber dem Kollektiv - auch in Pandemiezeiten."" Genau das ist falsch und wird auch nicht richtiger, wenn man es nur immer wiederholt. Warum lÃ¤sst du dich nicht impfen?",,,,
500,1389475416390373378,@EvaVlaar A modern female viking - girlpower ğŸ™‚,,,,
501,1389475401093746692,"RT @castelowo: s p a r k l e
#uglydolls #uglydollsfanart #uglydollslou https://t.co/ZVc0dbe5wq",,,,
502,1389475396928905225,"@LAUTSTARK_ffm @Polizei_Ffm umschiesst und kann sie bestÃ¤tigen, dass solche Aktionen Massenpaniken auslÃ¶sen? @A_DemosanisFFM 
weil in FFM aber jeder falsch is, traue ich nur den Ã„rzten ohne Grenzen was Internetaussagen betrifft. FÃ¼r diesen Kindergarten werde ich sie aber sicher nich adden",,,,
503,1389475388636676099,"RT @dimetra_ecrit: â€Merkels ZitteranfÃ¤lle sind Folge des Klimawandels.â€œ (A. #Baerbock) 

Also, wenn das keine Bildung ist... 

#ARD",,,,
504,,,1389476464299479042,1389475388636676099,100.0,b26v89c19zqg8o3fostuksk7mn7h1kmpp9cg06e2v1i7x
